#pragma once
#include <pgmspace.h>

// DejaVu Sans 12px - ASCII + Cyrillic (193 glyphs, 18704 bytes)
const uint8_t cyrillic_font[18704] PROGMEM = {
    0x00, 0x00, 0x00, 0xC1, 0x00, 0x00, 0x00, 0x06, 0x00, 0x00, 0x00, 0x0C, 0x00, 0x00, 0x00, 0x00,
    0x00, 0x00, 0x00, 0x01, 0x00, 0x00, 0x00, 0x03, 0x00, 0x00, 0x00, 0x20, 0x00, 0x00, 0x00, 0x00,
    0x00, 0x00, 0x00, 0x00, 0x00, 0x00, 0x00, 0x03, 0x00, 0x00, 0x00, 0x00, 0x00, 0x00, 0x00, 0x00,
    0x00, 0x00, 0x00, 0x00, 0x00, 0x00, 0x00, 0x21, 0x00, 0x00, 0x00, 0x09, 0x00, 0x00, 0x00, 0x05,
    0x00, 0x00, 0x00, 0x04, 0xFF, 0xFF, 0xFF, 0xFD, 0x00, 0x00, 0x00, 0x00, 0x00, 0x00, 0x00, 0x00,
    0x00, 0x00, 0x00, 0x22, 0x00, 0x00, 0x00, 0x09, 0x00, 0x00, 0x00, 0x06, 0x00, 0x00, 0x00, 0x05,
    0xFF, 0xFF, 0xFF, 0xFD, 0x00, 0x00, 0x00, 0x00, 0x00, 0x00, 0x00, 0x00, 0x00, 0x00, 0x00, 0x23,
    0x00, 0x00, 0x00, 0x08, 0x00, 0x00, 0x00, 0x0A, 0x00, 0x00, 0x00, 0x0A, 0xFF, 0xFF, 0xFF, 0xFC,
    0x00, 0x00, 0x00, 0x00, 0x00, 0x00, 0x00, 0x00, 0x00, 0x00, 0x00, 0x24, 0x00, 0x00, 0x00, 0x0B,
    0x00, 0x00, 0x00, 0x08, 0x00, 0x00, 0x00, 0x07, 0xFF, 0xFF, 0xFF, 0xFD, 0x00, 0x00, 0x00, 0x00,
    0x00, 0x00, 0x00, 0x00, 0x00, 0x00, 0x00, 0x25, 0x00, 0x00, 0x00, 0x09, 0x00, 0x00, 0x00, 0x0B,
    0x00, 0x00, 0x00, 0x0B, 0xFF, 0xFF, 0xFF, 0xFD, 0x00, 0x00, 0x00, 0x00, 0x00, 0x00, 0x00, 0x00,
    0x00, 0x00, 0x00, 0x26, 0x00, 0x00, 0x00, 0x09, 0x00, 0x00, 0x00, 0x09, 0x00, 0x00, 0x00, 0x09,
    0xFF, 0xFF, 0xFF, 0xFD, 0x00, 0x00, 0x00, 0x00, 0x00, 0x00, 0x00, 0x00, 0x00, 0x00, 0x00, 0x27,
    0x00, 0x00, 0x00, 0x09, 0x00, 0x00, 0x00, 0x03, 0x00, 0x00, 0x00, 0x03, 0xFF, 0xFF, 0xFF, 0xFD,
    0x00, 0x00, 0x00, 0x00, 0x00, 0x00, 0x00, 0x00, 0x00, 0x00, 0x00, 0x28, 0x00, 0x00, 0x00, 0x0B,
    0x00, 0x00, 0x00, 0x05, 0x00, 0x00, 0x00, 0x04, 0xFF, 0xFF, 0xFF, 0xFE, 0x00, 0x00, 0x00, 0x00,
    0x00, 0x00, 0x00, 0x00, 0x00, 0x00, 0x00, 0x29, 0x00, 0x00, 0x00, 0x0B, 0x00, 0x00, 0x00, 0x05,
    0x00, 0x00, 0x00, 0x04, 0xFF, 0xFF, 0xFF, 0xFE, 0x00, 0x00, 0x00, 0x00, 0x00, 0x00, 0x00, 0x00,
    0x00, 0x00, 0x00, 0x2A, 0x00, 0x00, 0x00, 0x09, 0x00, 0x00, 0x00, 0x06, 0x00, 0x00, 0x00, 0x06,
    0xFF, 0xFF, 0xFF, 0xFD, 0x00, 0x00, 0x00, 0x00, 0x00, 0x00, 0x00, 0x00, 0x00, 0x00, 0x00, 0x2B,
    0x00, 0x00, 0x00, 0x07, 0x00, 0x00, 0x00, 0x0A, 0x00, 0x00, 0x00, 0x0A, 0xFF, 0xFF, 0xFF, 0xFB,
    0x00, 0x00, 0x00, 0x00, 0x00, 0x00, 0x00, 0x00, 0x00, 0x00, 0x00, 0x2C, 0x00, 0x00, 0x00, 0x03,
    0x00, 0x00, 0x00, 0x04, 0x00, 0x00, 0x00, 0x03, 0xFF, 0xFF, 0xFF, 0xF6, 0x00, 0x00, 0x00, 0x00,
    0x00, 0x00, 0x00, 0x00, 0x00, 0x00, 0x00, 0x2D, 0x00, 0x00, 0x00, 0x04, 0x00, 0x00, 0x00, 0x04,
    0x00, 0x00, 0x00, 0x04, 0xFF, 0xFF, 0xFF, 0xF8, 0x00, 0x00, 0x00, 0x00, 0x00, 0x00, 0x00, 0x00,
    0x00, 0x00, 0x00, 0x2E, 0x00, 0x00, 0x00, 0x02, 0x00, 0x00, 0x00, 0x04, 0x00, 0x00, 0x00, 0x03,
    0xFF, 0xFF, 0xFF, 0xF6, 0x00, 0x00, 0x00, 0x00, 0x00, 0x00, 0x00, 0x00, 0x00, 0x00, 0x00, 0x2F,
    0x00, 0x00, 0x00, 0x0A, 0x00, 0x00, 0x00, 0x05, 0x00, 0x00, 0x00, 0x04, 0xFF, 0xFF, 0xFF, 0xFD,
    0x00, 0x00, 0x00, 0x00, 0x00, 0x00, 0x00, 0x00, 0x00, 0x00, 0x00, 0x30, 0x00, 0x00, 0x00, 0x09,
    0x00, 0x00, 0x00, 0x08, 0x00, 0x00, 0x00, 0x07, 0xFF, 0xFF, 0xFF, 0xFD, 0x00, 0x00, 0x00, 0x00,
    0x00, 0x00, 0x00, 0x00, 0x00, 0x00, 0x00, 0x31, 0x00, 0x00, 0x00, 0x09, 0x00, 0x00, 0x00, 0x08,
    0x00, 0x00, 0x00, 0x07, 0xFF, 0xFF, 0xFF, 0xFD, 0x00, 0x00, 0x00, 0x00, 0x00, 0x00, 0x00, 0x00,
    0x00, 0x00, 0x00, 0x32, 0x00, 0x00, 0x00, 0x09, 0x00, 0x00, 0x00, 0x08, 0x00, 0x00, 0x00, 0x07,
    0xFF, 0xFF, 0xFF, 0xFD, 0x00, 0x00, 0x00, 0x00, 0x00, 0x00, 0x00, 0x00, 0x00, 0x00, 0x00, 0x33,
    0x00, 0x00, 0x00, 0x09, 0x00, 0x00, 0x00, 0x08, 0x00, 0x00, 0x00, 0x07, 0xFF, 0xFF, 0xFF, 0xFD,
    0x00, 0x00, 0x00, 0x00, 0x00, 0x00, 0x00, 0x00, 0x00, 0x00, 0x00, 0x34, 0x00, 0x00, 0x00, 0x09,
    0x00, 0x00, 0x00, 0x08, 0x00, 0x00, 0x00, 0x07, 0xFF, 0xFF, 0xFF, 0xFD, 0x00, 0x00, 0x00, 0x00,
    0x00, 0x00, 0x00, 0x00, 0x00, 0x00, 0x00, 0x35, 0x00, 0x00, 0x00, 0x09, 0x00, 0x00, 0x00, 0x08,
    0x00, 0x00, 0x00, 0x07, 0xFF, 0xFF, 0xFF, 0xFD, 0x00, 0x00, 0x00, 0x00, 0x00, 0x00, 0x00, 0x00,
    0x00, 0x00, 0x00, 0x36, 0x00, 0x00, 0x00, 0x09, 0x00, 0x00, 0x00, 0x08, 0x00, 0x00, 0x00, 0x07,
    0xFF, 0xFF, 0xFF, 0xFD, 0x00, 0x00, 0x00, 0x00, 0x00, 0x00, 0x00, 0x00, 0x00, 0x00, 0x00, 0x37,
    0x00, 0x00, 0x00, 0x09, 0x00, 0x00, 0x00, 0x08, 0x00, 0x00, 0x00, 0x07, 0xFF, 0xFF, 0xFF, 0xFD,
    0x00, 0x00, 0x00, 0x00, 0x00, 0x00, 0x00, 0x00, 0x00, 0x00, 0x00, 0x38, 0x00, 0x00, 0x00, 0x09,
    0x00, 0x00, 0x00, 0x08, 0x00, 0x00, 0x00, 0x07, 0xFF, 0xFF, 0xFF, 0xFD, 0x00, 0x00, 0x00, 0x00,
    0x00, 0x00, 0x00, 0x00, 0x00, 0x00, 0x00, 0x39, 0x00, 0x00, 0x00, 0x09, 0x00, 0x00, 0x00, 0x08,
    0x00, 0x00, 0x00, 0x07, 0xFF, 0xFF, 0xFF, 0xFD, 0x00, 0x00, 0x00, 0x00, 0x00, 0x00, 0x00, 0x00,
    0x00, 0x00, 0x00, 0x3A, 0x00, 0x00, 0x00, 0x06, 0x00, 0x00, 0x00, 0x04, 0x00, 0x00, 0x00, 0x04,
    0xFF, 0xFF, 0xFF, 0xFA, 0x00, 0x00, 0x00, 0x00, 0x00, 0x00, 0x00, 0x00, 0x00, 0x00, 0x00, 0x3B,
    0x00, 0x00, 0x00, 0x07, 0x00, 0x00, 0x00, 0x04, 0x00, 0x00, 0x00, 0x04, 0xFF, 0xFF, 0xFF, 0xFA,
    0x00, 0x00, 0x00, 0x00, 0x00, 0x00, 0x00, 0x00, 0x00, 0x00, 0x00, 0x3C, 0x00, 0x00, 0x00, 0x07,
    0x00, 0x00, 0x00, 0x0A, 0x00, 0x00, 0x00, 0x0A, 0xFF, 0xFF, 0xFF, 0xFB, 0x00, 0x00, 0x00, 0x00,
    0x00, 0x00, 0x00, 0x00, 0x00, 0x00, 0x00, 0x3D, 0x00, 0x00, 0x00, 0x05, 0x00, 0x00, 0x00, 0x0A,
    0x00, 0x00, 0x00, 0x0A, 0xFF, 0xFF, 0xFF, 0xF9, 0x00, 0x00, 0x00, 0x00, 0x00, 0x00, 0x00, 0x00,
    0x00, 0x00, 0x00, 0x3E, 0x00, 0x00, 0x00, 0x07, 0x00, 0x00, 0x00, 0x0A, 0x00, 0x00, 0x00, 0x0A,
    0xFF, 0xFF, 0xFF, 0xFB, 0x00, 0x00, 0x00, 0x00, 0x00, 0x00, 0x00, 0x00, 0x00, 0x00, 0x00, 0x3F,
    0x00, 0x00, 0x00, 0x09, 0x00, 0x00, 0x00, 0x06, 0x00, 0x00, 0x00, 0x06, 0xFF, 0xFF, 0xFF, 0xFD,
    0x00, 0x00, 0x00, 0x00, 0x00, 0x00, 0x00, 0x00, 0x00, 0x00, 0x00, 0x40, 0x00, 0x00, 0x00, 0x0B,
    0x00, 0x00, 0x00, 0x0C, 0x00, 0x00, 0x00, 0x0C, 0xFF, 0xFF, 0xFF, 0xFC, 0x00, 0x00, 0x00, 0x00,
    0x00, 0x00, 0x00, 0x00, 0x00, 0x00, 0x00, 0x41, 0x00, 0x00, 0x00, 0x09, 0x00, 0x00, 0x00, 0x09,
    0x00, 0x00, 0x00, 0x08, 0xFF, 0xFF, 0xFF, 0xFD, 0x00, 0x00, 0x00, 0x00, 0x00, 0x00, 0x00, 0x00,
    0x00, 0x00, 0x00, 0x42, 0x00, 0x00, 0x00, 0x09, 0x00, 0x00, 0x00, 0x08, 0x00, 0x00, 0x00, 0x08,
    0xFF, 0xFF, 0xFF, 0xFD, 0x00, 0x00, 0x00, 0x00, 0x00, 0x00, 0x00, 0x00, 0x00, 0x00, 0x00, 0x43,
    0x00, 0x00, 0x00, 0x09, 0x00, 0x00, 0x00, 0x08, 0x00, 0x00, 0x00, 0x08, 0xFF, 0xFF, 0xFF, 0xFD,
    0x00, 0x00, 0x00, 0x00, 0x00, 0x00, 0x00, 0x00, 0x00, 0x00, 0x00, 0x44, 0x00, 0x00, 0x00, 0x09,
    0x00, 0x00, 0x00, 0x09, 0x00, 0x00, 0x00, 0x09, 0xFF, 0xFF, 0xFF, 0xFD, 0x00, 0x00, 0x00, 0x00,
    0x00, 0x00, 0x00, 0x00, 0x00, 0x00, 0x00, 0x45, 0x00, 0x00, 0x00, 0x09, 0x00, 0x00, 0x00, 0x08,
    0x00, 0x00, 0x00, 0x07, 0xFF, 0xFF, 0xFF, 0xFD, 0x00, 0x00, 0x00, 0x00, 0x00, 0x00, 0x00, 0x00,
    0x00, 0x00, 0x00, 0x46, 0x00, 0x00, 0x00, 0x09, 0x00, 0x00, 0x00, 0x07, 0x00, 0x00, 0x00, 0x06,
    0xFF, 0xFF, 0xFF, 0xFD, 0x00, 0x00, 0x00, 0x00, 0x00, 0x00, 0x00, 0x00, 0x00, 0x00, 0x00, 0x47,
    0x00, 0x00, 0x00, 0x09, 0x00, 0x00, 0x00, 0x09, 0x00, 0x00, 0x00, 0x09, 0xFF, 0xFF, 0xFF, 0xFD,
    0x00, 0x00, 0x00, 0x00, 0x00, 0x00, 0x00, 0x00, 0x00, 0x00, 0x00, 0x48, 0x00, 0x00, 0x00, 0x09,
    0x00, 0x00, 0x00, 0x09, 0x00, 0x00, 0x00, 0x09, 0xFF, 0xFF, 0xFF, 0xFD, 0x00, 0x00, 0x00, 0x00,
    0x00, 0x00, 0x00, 0x00, 0x00, 0x00, 0x00, 0x49, 0x00, 0x00, 0x00, 0x09, 0x00, 0x00, 0x00, 0x04,
    0x00, 0x00, 0x00, 0x03, 0xFF, 0xFF, 0xFF, 0xFD, 0x00, 0x00, 0x00, 0x00, 0x00, 0x00, 0x00, 0x00,
    0x00, 0x00, 0x00, 0x4A, 0x00, 0x00, 0x00, 0x0B, 0x00, 0x00, 0x00, 0x05, 0x00, 0x00, 0x00, 0x03,
    0xFF, 0xFF, 0xFF, 0xFD, 0xFF, 0xFF, 0xFF, 0xFF, 0x00, 0x00, 0x00, 0x00, 0x00, 0x00, 0x00, 0x4B,
    0x00, 0x00, 0x00, 0x09, 0x00, 0x00, 0x00, 0x09, 0x00, 0x00, 0x00, 0x07, 0xFF, 0xFF, 0xFF, 0xFD,
    0x00, 0x00, 0x00, 0x00, 0x00, 0x00, 0x00, 0x00, 0x00, 0x00, 0x00, 0x4C, 0x00, 0x00, 0x00, 0x09,
    0x00, 0x00, 0x00, 0x07, 0x00, 0x00, 0x00, 0x06, 0xFF, 0xFF, 0xFF, 0xFD, 0x00, 0x00, 0x00, 0x00,
    0x00, 0x00, 0x00, 0x00, 0x00, 0x00, 0x00, 0x4D, 0x00, 0x00, 0x00, 0x09, 0x00, 0x00, 0x00, 0x0A,
    0x00, 0x00, 0x00, 0x0A, 0xFF, 0xFF, 0xFF, 0xFD, 0x00, 0x00, 0x00, 0x00, 0x00, 0x00, 0x00, 0x00,
    0x00, 0x00, 0x00, 0x4E, 0x00, 0x00, 0x00, 0x09, 0x00, 0x00, 0x00, 0x09, 0x00, 0x00, 0x00, 0x08,
    0xFF, 0xFF, 0xFF, 0xFD, 0x00, 0x00, 0x00, 0x00, 0x00, 0x00, 0x00, 0x00, 0x00, 0x00, 0x00, 0x4F,
    0x00, 0x00, 0x00, 0x09, 0x00, 0x00, 0x00, 0x09, 0x00, 0x00, 0x00, 0x09, 0xFF, 0xFF, 0xFF, 0xFD,
    0x00, 0x00, 0x00, 0x00, 0x00, 0x00, 0x00, 0x00, 0x00, 0x00, 0x00, 0x50, 0x00, 0x00, 0x00, 0x09,
    0x00, 0x00, 0x00, 0x07, 0x00, 0x00, 0x00, 0x07, 0xFF, 0xFF, 0xFF, 0xFD, 0x00, 0x00, 0x00, 0x00,
    0x00, 0x00, 0x00, 0x00, 0x00, 0x00, 0x00, 0x51, 0x00, 0x00, 0x00, 0x0B, 0x00, 0x00, 0x00, 0x09,
    0x00, 0x00, 0x00, 0x09, 0xFF, 0xFF, 0xFF, 0xFD, 0x00, 0x00, 0x00, 0x00, 0x00, 0x00, 0x00, 0x00,
    0x00, 0x00, 0x00, 0x52, 0x00, 0x00, 0x00, 0x09, 0x00, 0x00, 0x00, 0x08, 0x00, 0x00, 0x00, 0x08,
    0xFF, 0xFF, 0xFF, 0xFD, 0x00, 0x00, 0x00, 0x00, 0x00, 0x00, 0x00, 0x00, 0x00, 0x00, 0x00, 0x53,
    0x00, 0x00, 0x00, 0x09, 0x00, 0x00, 0x00, 0x08, 0x00, 0x00, 0x00, 0x07, 0xFF, 0xFF, 0xFF, 0xFD,
    0x00, 0x00, 0x00, 0x00, 0x00, 0x00, 0x00, 0x00, 0x00, 0x00, 0x00, 0x54, 0x00, 0x00, 0x00, 0x09,
    0x00, 0x00, 0x00, 0x09, 0x00, 0x00, 0x00, 0x07, 0xFF, 0xFF, 0xFF, 0xFD, 0xFF, 0xFF, 0xFF, 0xFF,
    0x00, 0x00, 0x00, 0x00, 0x00, 0x00, 0x00, 0x55, 0x00, 0x00, 0x00, 0x09, 0x00, 0x00, 0x00, 0x09,
    0x00, 0x00, 0x00, 0x08, 0xFF, 0xFF, 0xFF, 0xFD, 0x00, 0x00, 0x00, 0x00, 0x00, 0x00, 0x00, 0x00,
    0x00, 0x00, 0x00, 0x56, 0x00, 0x00, 0x00, 0x09, 0x00, 0x00, 0x00, 0x09, 0x00, 0x00, 0x00, 0x08,
    0xFF, 0xFF, 0xFF, 0xFD, 0x00, 0x00, 0x00, 0x00, 0x00, 0x00, 0x00, 0x00, 0x00, 0x00, 0x00, 0x57,
    0x00, 0x00, 0x00, 0x09, 0x00, 0x00, 0x00, 0x0C, 0x00, 0x00, 0x00, 0x0B, 0xFF, 0xFF, 0xFF, 0xFD,
    0x00, 0x00, 0x00, 0x00, 0x00, 0x00, 0x00, 0x00, 0x00, 0x00, 0x00, 0x58, 0x00, 0x00, 0x00, 0x09,
    0x00, 0x00, 0x00, 0x08, 0x00, 0x00, 0x00, 0x08, 0xFF, 0xFF, 0xFF, 0xFD, 0x00, 0x00, 0x00, 0x00,
    0x00, 0x00, 0x00, 0x00, 0x00, 0x00, 0x00, 0x59, 0x00, 0x00, 0x00, 0x09, 0x00, 0x00, 0x00, 0x09,
    0x00, 0x00, 0x00, 0x07, 0xFF, 0xFF, 0xFF, 0xFD, 0xFF, 0xFF, 0xFF, 0xFF, 0x00, 0x00, 0x00, 0x00,
    0x00, 0x00, 0x00, 0x5A, 0x00, 0x00, 0x00, 0x09, 0x00, 0x00, 0x00, 0x08, 0x00, 0x00, 0x00, 0x08,
    0xFF, 0xFF, 0xFF, 0xFD, 0x00, 0x00, 0x00, 0x00, 0x00, 0x00, 0x00, 0x00, 0x00, 0x00, 0x00, 0x5B,
    0x00, 0x00, 0x00, 0x0B, 0x00, 0x00, 0x00, 0x05, 0x00, 0x00, 0x00, 0x04, 0xFF, 0xFF, 0xFF, 0xFD,
    0x00, 0x00, 0x00, 0x00, 0x00, 0x00, 0x00, 0x00, 0x00, 0x00, 0x00, 0x5C, 0x00, 0x00, 0x00, 0x0A,
    0x00, 0x00, 0x00, 0x05, 0x00, 0x00, 0x00, 0x04, 0xFF, 0xFF, 0xFF, 0xFD, 0x00, 0x00, 0x00, 0x00,
    0x00, 0x00, 0x00, 0x00, 0x00, 0x00, 0x00, 0x5D, 0x00, 0x00, 0x00, 0x0B, 0x00, 0x00, 0x00, 0x05,
    0x00, 0x00, 0x00, 0x04, 0xFF, 0xFF, 0xFF, 0xFD, 0x00, 0x00, 0x00, 0x00, 0x00, 0x00, 0x00, 0x00,
    0x00, 0x00, 0x00, 0x5E, 0x00, 0x00, 0x00, 0x09, 0x00, 0x00, 0x00, 0x0A, 0x00, 0x00, 0x00, 0x0A,
    0xFF, 0xFF, 0xFF, 0xFD, 0x00, 0x00, 0x00, 0x00, 0x00, 0x00, 0x00, 0x00, 0x00, 0x00, 0x00, 0x5F,
    0x00, 0x00, 0x00, 0x03, 0x00, 0x00, 0x00, 0x08, 0x00, 0x00, 0x00, 0x06, 0xFF, 0xFF, 0xFF, 0xF4,
    0xFF, 0xFF, 0xFF, 0xFF, 0x00, 0x00, 0x00, 0x00, 0x00, 0x00, 0x00, 0x60, 0x00, 0x00, 0x00, 0x0A,
    0x00, 0x00, 0x00, 0x06, 0x00, 0x00, 0x00, 0x06, 0xFF, 0xFF, 0xFF, 0xFE, 0x00, 0x00, 0x00, 0x00,
    0x00, 0x00, 0x00, 0x00, 0x00, 0x00, 0x00, 0x61, 0x00, 0x00, 0x00, 0x07, 0x00, 0x00, 0x00, 0x07,
    0x00, 0x00, 0x00, 0x07, 0xFF, 0xFF, 0xFF, 0xFB, 0x00, 0x00, 0x00, 0x00, 0x00, 0x00, 0x00, 0x00,
    0x00, 0x00, 0x00, 0x62, 0x00, 0x00, 0x00, 0x0A, 0x00, 0x00, 0x00, 0x08, 0x00, 0x00, 0x00, 0x07,
    0xFF, 0xFF, 0xFF, 0xFE, 0x00, 0x00, 0x00, 0x00, 0x00, 0x00, 0x00, 0x00, 0x00, 0x00, 0x00, 0x63,
    0x00, 0x00, 0x00, 0x07, 0x00, 0x00, 0x00, 0x07, 0x00, 0x00, 0x00, 0x06, 0xFF, 0xFF, 0xFF, 0xFB,
    0x00, 0x00, 0x00, 0x00, 0x00, 0x00, 0x00, 0x00, 0x00, 0x00, 0x00, 0x64, 0x00, 0x00, 0x00, 0x0A,
    0x00, 0x00, 0x00, 0x08, 0x00, 0x00, 0x00, 0x07, 0xFF, 0xFF, 0xFF, 0xFE, 0x00, 0x00, 0x00, 0x00,
    0x00, 0x00, 0x00, 0x00, 0x00, 0x00, 0x00, 0x65, 0x00, 0x00, 0x00, 0x07, 0x00, 0x00, 0x00, 0x07,
    0x00, 0x00, 0x00, 0x07, 0xFF, 0xFF, 0xFF, 0xFB, 0x00, 0x00, 0x00, 0x00, 0x00, 0x00, 0x00, 0x00,
    0x00, 0x00, 0x00, 0x66, 0x00, 0x00, 0x00, 0x0A, 0x00, 0x00, 0x00, 0x05, 0x00, 0x00, 0x00, 0x04,
    0xFF, 0xFF, 0xFF, 0xFE, 0x00, 0x00, 0x00, 0x00, 0x00, 0x00, 0x00, 0x00, 0x00, 0x00, 0x00, 0x67,
    0x00, 0x00, 0x00, 0x0A, 0x00, 0x00, 0x00, 0x08, 0x00, 0x00, 0x00, 0x07, 0xFF, 0xFF, 0xFF, 0xFB,
    0x00, 0x00, 0x00, 0x00, 0x00, 0x00, 0x00, 0x00, 0x00, 0x00, 0x00, 0x68, 0x00, 0x00, 0x00, 0x0A,
    0x00, 0x00, 0x00, 0x08, 0x00, 0x00, 0x00, 0x07, 0xFF, 0xFF, 0xFF, 0xFE, 0x00, 0x00, 0x00, 0x00,
    0x00, 0x00, 0x00, 0x00, 0x00, 0x00, 0x00, 0x69, 0x00, 0x00, 0x00, 0x09, 0x00, 0x00, 0x00, 0x03,
    0x00, 0x00, 0x00, 0x03, 0xFF, 0xFF, 0xFF, 0xFD, 0x00, 0x00, 0x00, 0x00, 0x00, 0x00, 0x00, 0x00,
    0x00, 0x00, 0x00, 0x6A, 0x00, 0x00, 0x00, 0x0C, 0x00, 0x00, 0x00, 0x04, 0x00, 0x00, 0x00, 0x03,
    0xFF, 0xFF, 0xFF, 0xFD, 0xFF, 0xFF, 0xFF, 0xFF, 0x00, 0x00, 0x00, 0x00, 0x00, 0x00, 0x00, 0x6B,
    0x00, 0x00, 0x00, 0x0A, 0x00, 0x00, 0x00, 0x07, 0x00, 0x00, 0x00, 0x06, 0xFF, 0xFF, 0xFF, 0xFE,
    0x00, 0x00, 0x00, 0x00, 0x00, 0x00, 0x00, 0x00, 0x00, 0x00, 0x00, 0x6C, 0x00, 0x00, 0x00, 0x0A,
    0x00, 0x00, 0x00, 0x03, 0x00, 0x00, 0x00, 0x03, 0xFF, 0xFF, 0xFF, 0xFE, 0x00, 0x00, 0x00, 0x00,
    0x00, 0x00, 0x00, 0x00, 0x00, 0x00, 0x00, 0x6D, 0x00, 0x00, 0x00, 0x07, 0x00, 0x00, 0x00, 0x0C,
    0x00, 0x00, 0x00, 0x0B, 0xFF, 0xFF, 0xFF, 0xFB, 0x00, 0x00, 0x00, 0x00, 0x00, 0x00, 0x00, 0x00,
    0x00, 0x00, 0x00, 0x6E, 0x00, 0x00, 0x00, 0x07, 0x00, 0x00, 0x00, 0x08, 0x00, 0x00, 0x00, 0x07,
    0xFF, 0xFF, 0xFF, 0xFB, 0x00, 0x00, 0x00, 0x00, 0x00, 0x00, 0x00, 0x00, 0x00, 0x00, 0x00, 0x6F,
    0x00, 0x00, 0x00, 0x07, 0x00, 0x00, 0x00, 0x07, 0x00, 0x00, 0x00, 0x07, 0xFF, 0xFF, 0xFF, 0xFB,
    0x00, 0x00, 0x00, 0x00, 0x00, 0x00, 0x00, 0x00, 0x00, 0x00, 0x00, 0x70, 0x00, 0x00, 0x00, 0x0A,
    0x00, 0x00, 0x00, 0x08, 0x00, 0x00, 0x00, 0x07, 0xFF, 0xFF, 0xFF, 0xFB, 0x00, 0x00, 0x00, 0x00,
    0x00, 0x00, 0x00, 0x00, 0x00, 0x00, 0x00, 0x71, 0x00, 0x00, 0x00, 0x0A, 0x00, 0x00, 0x00, 0x08,
    0x00, 0x00, 0x00, 0x07, 0xFF, 0xFF, 0xFF, 0xFB, 0x00, 0x00, 0x00, 0x00, 0x00, 0x00, 0x00, 0x00,
    0x00, 0x00, 0x00, 0x72, 0x00, 0x00, 0x00, 0x07, 0x00, 0x00, 0x00, 0x05, 0x00, 0x00, 0x00, 0x04,
    0xFF, 0xFF, 0xFF, 0xFB, 0x00, 0x00, 0x00, 0x00, 0x00, 0x00, 0x00, 0x00, 0x00, 0x00, 0x00, 0x73,
    0x00, 0x00, 0x00, 0x07, 0x00, 0x00, 0x00, 0x06, 0x00, 0x00, 0x00, 0x06, 0xFF, 0xFF, 0xFF, 0xFB,
    0x00, 0x00, 0x00, 0x00, 0x00, 0x00, 0x00, 0x00, 0x00, 0x00, 0x00, 0x74, 0x00, 0x00, 0x00, 0x09,
    0x00, 0x00, 0x00, 0x05, 0x00, 0x00, 0x00, 0x04, 0xFF, 0xFF, 0xFF, 0xFD, 0x00, 0x00, 0x00, 0x00,
    0x00, 0x00, 0x00, 0x00, 0x00, 0x00, 0x00, 0x75, 0x00, 0x00, 0x00, 0x07, 0x00, 0x00, 0x00, 0x08,
    0x00, 0x00, 0x00, 0x07, 0xFF, 0xFF, 0xFF, 0xFB, 0x00, 0x00, 0x00, 0x00, 0x00, 0x00, 0x00, 0x00,
    0x00, 0x00, 0x00, 0x76, 0x00, 0x00, 0x00, 0x07, 0x00, 0x00, 0x00, 0x07, 0x00, 0x00, 0x00, 0x07,
    0xFF, 0xFF, 0xFF, 0xFB, 0x00, 0x00, 0x00, 0x00, 0x00, 0x00, 0x00, 0x00, 0x00, 0x00, 0x00, 0x77,
    0x00, 0x00, 0x00, 0x07, 0x00, 0x00, 0x00, 0x0A, 0x00, 0x00, 0x00, 0x09, 0xFF, 0xFF, 0xFF, 0xFB,
    0x00, 0x00, 0x00, 0x00, 0x00, 0x00, 0x00, 0x00, 0x00, 0x00, 0x00, 0x78, 0x00, 0x00, 0x00, 0x07,
    0x00, 0x00, 0x00, 0x07, 0x00, 0x00, 0x00, 0x07, 0xFF, 0xFF, 0xFF, 0xFB, 0x00, 0x00, 0x00, 0x00,
    0x00, 0x00, 0x00, 0x00, 0x00, 0x00, 0x00, 0x79, 0x00, 0x00, 0x00, 0x0A, 0x00, 0x00, 0x00, 0x07,
    0x00, 0x00, 0x00, 0x07, 0xFF, 0xFF, 0xFF, 0xFB, 0x00, 0x00, 0x00, 0x00, 0x00, 0x00, 0x00, 0x00,
    0x00, 0x00, 0x00, 0x7A, 0x00, 0x00, 0x00, 0x07, 0x00, 0x00, 0x00, 0x06, 0x00, 0x00, 0x00, 0x06,
    0xFF, 0xFF, 0xFF, 0xFB, 0x00, 0x00, 0x00, 0x00, 0x00, 0x00, 0x00, 0x00, 0x00, 0x00, 0x00, 0x7B,
    0x00, 0x00, 0x00, 0x0B, 0x00, 0x00, 0x00, 0x08, 0x00, 0x00, 0x00, 0x07, 0xFF, 0xFF, 0xFF, 0xFD,
    0x00, 0x00, 0x00, 0x00, 0x00, 0x00, 0x00, 0x00, 0x00, 0x00, 0x00, 0x7C, 0x00, 0x00, 0x00, 0x0C,
    0x00, 0x00, 0x00, 0x04, 0x00, 0x00, 0x00, 0x04, 0xFF, 0xFF, 0xFF, 0xFD, 0x00, 0x00, 0x00, 0x00,
    0x00, 0x00, 0x00, 0x00, 0x00, 0x00, 0x00, 0x7D, 0x00, 0x00, 0x00, 0x0B, 0x00, 0x00, 0x00, 0x08,
    0x00, 0x00, 0x00, 0x07, 0xFF, 0xFF, 0xFF, 0xFD, 0x00, 0x00, 0x00, 0x00, 0x00, 0x00, 0x00, 0x00,
    0x00, 0x00, 0x00, 0x7E, 0x00, 0x00, 0x00, 0x06, 0x00, 0x00, 0x00, 0x0A, 0x00, 0x00, 0x00, 0x0A,
    0xFF, 0xFF, 0xFF, 0xFA, 0x00, 0x00, 0x00, 0x00, 0x00, 0x00, 0x00, 0x00, 0x00, 0x00, 0x04, 0x00,
    0x00, 0x00, 0x00, 0x0B, 0x00, 0x00, 0x00, 0x08, 0x00, 0x00, 0x00, 0x07, 0xFF, 0xFF, 0xFF, 0xFF,
    0x00, 0x00, 0x00, 0x00, 0x00, 0x00, 0x00, 0x00, 0x00, 0x00, 0x04, 0x01, 0x00, 0x00, 0x00, 0x0B,
    0x00, 0x00, 0x00, 0x08, 0x00, 0x00, 0x00, 0x07, 0xFF, 0xFF, 0xFF, 0xFF, 0x00, 0x00, 0x00, 0x00,
    0x00, 0x00, 0x00, 0x00, 0x00, 0x00, 0x04, 0x02, 0x00, 0x00, 0x00, 0x0B, 0x00, 0x00, 0x00, 0x0A,
    0x00, 0x00, 0x00, 0x09, 0xFF, 0xFF, 0xFF, 0xFD, 0xFF, 0xFF, 0xFF, 0xFF, 0x00, 0x00, 0x00, 0x00,
    0x00, 0x00, 0x04, 0x03, 0x00, 0x00, 0x00, 0x0B, 0x00, 0x00, 0x00, 0x07, 0x00, 0x00, 0x00, 0x07,
    0xFF, 0xFF, 0xFF, 0xFF, 0x00, 0x00, 0x00, 0x00, 0x00, 0x00, 0x00, 0x00, 0x00, 0x00, 0x04, 0x04,
    0x00, 0x00, 0x00, 0x09, 0x00, 0x00, 0x00, 0x08, 0x00, 0x00, 0x00, 0x08, 0xFF, 0xFF, 0xFF, 0xFD,
    0x00, 0x00, 0x00, 0x00, 0x00, 0x00, 0x00, 0x00, 0x00, 0x00, 0x04, 0x05, 0x00, 0x00, 0x00, 0x09,
    0x00, 0x00, 0x00, 0x08, 0x00, 0x00, 0x00, 0x07, 0xFF, 0xFF, 0xFF, 0xFD, 0x00, 0x00, 0x00, 0x00,
    0x00, 0x00, 0x00, 0x00, 0x00, 0x00, 0x04, 0x06, 0x00, 0x00, 0x00, 0x09, 0x00, 0x00, 0x00, 0x04,
    0x00, 0x00, 0x00, 0x03, 0xFF, 0xFF, 0xFF, 0xFD, 0x00, 0x00, 0x00, 0x00, 0x00, 0x00, 0x00, 0x00,
    0x00, 0x00, 0x04, 0x07, 0x00, 0x00, 0x00, 0x0B, 0x00, 0x00, 0x00, 0x04, 0x00, 0x00, 0x00, 0x03,
    0xFF, 0xFF, 0xFF, 0xFF, 0x00, 0x00, 0x00, 0x00, 0x00, 0x00, 0x00, 0x00, 0x00, 0x00, 0x04, 0x08,
    0x00, 0x00, 0x00, 0x0B, 0x00, 0x00, 0x00, 0x05, 0x00, 0x00, 0x00, 0x03, 0xFF, 0xFF, 0xFF, 0xFD,
    0xFF, 0xFF, 0xFF, 0xFF, 0x00, 0x00, 0x00, 0x00, 0x00, 0x00, 0x04, 0x09, 0x00, 0x00, 0x00, 0x09,
    0x00, 0x00, 0x00, 0x0D, 0x00, 0x00, 0x00, 0x0D, 0xFF, 0xFF, 0xFF, 0xFD, 0x00, 0x00, 0x00, 0x00,
    0x00, 0x00, 0x00, 0x00, 0x00, 0x00, 0x04, 0x0A, 0x00, 0x00, 0x00, 0x09, 0x00, 0x00, 0x00, 0x0D,
    0x00, 0x00, 0x00, 0x0C, 0xFF, 0xFF, 0xFF, 0xFD, 0x00, 0x00, 0x00, 0x00, 0x00, 0x00, 0x00, 0x00,
    0x00, 0x00, 0x04, 0x0B, 0x00, 0x00, 0x00, 0x09, 0x00, 0x00, 0x00, 0x0A, 0x00, 0x00, 0x00, 0x09,
    0xFF, 0xFF, 0xFF, 0xFD, 0xFF, 0xFF, 0xFF, 0xFF, 0x00, 0x00, 0x00, 0x00, 0x00, 0x00, 0x04, 0x0C,
    0x00, 0x00, 0x00, 0x0B, 0x00, 0x00, 0x00, 0x09, 0x00, 0x00, 0x00, 0x08, 0xFF, 0xFF, 0xFF, 0xFF,
    0x00, 0x00, 0x00, 0x00, 0x00, 0x00, 0x00, 0x00, 0x00, 0x00, 0x04, 0x0D, 0x00, 0x00, 0x00, 0x0B,
    0x00, 0x00, 0x00, 0x09, 0x00, 0x00, 0x00, 0x08, 0xFF, 0xFF, 0xFF, 0xFF, 0x00, 0x00, 0x00, 0x00,
    0x00, 0x00, 0x00, 0x00, 0x00, 0x00, 0x04, 0x0E, 0x00, 0x00, 0x00, 0x0B, 0x00, 0x00, 0x00, 0x08,
    0x00, 0x00, 0x00, 0x07, 0xFF, 0xFF, 0xFF, 0xFF, 0x00, 0x00, 0x00, 0x00, 0x00, 0x00, 0x00, 0x00,
    0x00, 0x00, 0x04, 0x0F, 0x00, 0x00, 0x00, 0x0B, 0x00, 0x00, 0x00, 0x09, 0x00, 0x00, 0x00, 0x09,
    0xFF, 0xFF, 0xFF, 0xFD, 0x00, 0x00, 0x00, 0x00, 0x00, 0x00, 0x00, 0x00, 0x00, 0x00, 0x04, 0x10,
    0x00, 0x00, 0x00, 0x09, 0x00, 0x00, 0x00, 0x09, 0x00, 0x00, 0x00, 0x08, 0xFF, 0xFF, 0xFF, 0xFD,
    0x00, 0x00, 0x00, 0x00, 0x00, 0x00, 0x00, 0x00, 0x00, 0x00, 0x04, 0x11, 0x00, 0x00, 0x00, 0x09,
    0x00, 0x00, 0x00, 0x08, 0x00, 0x00, 0x00, 0x08, 0xFF, 0xFF, 0xFF, 0xFD, 0x00, 0x00, 0x00, 0x00,
    0x00, 0x00, 0x00, 0x00, 0x00, 0x00, 0x04, 0x12, 0x00, 0x00, 0x00, 0x09, 0x00, 0x00, 0x00, 0x08,
    0x00, 0x00, 0x00, 0x08, 0xFF, 0xFF, 0xFF, 0xFD, 0x00, 0x00, 0x00, 0x00, 0x00, 0x00, 0x00, 0x00,
    0x00, 0x00, 0x04, 0x13, 0x00, 0x00, 0x00, 0x09, 0x00, 0x00, 0x00, 0x07, 0x00, 0x00, 0x00, 0x07,
    0xFF, 0xFF, 0xFF, 0xFD, 0x00, 0x00, 0x00, 0x00, 0x00, 0x00, 0x00, 0x00, 0x00, 0x00, 0x04, 0x14,
    0x00, 0x00, 0x00, 0x0B, 0x00, 0x00, 0x00, 0x09, 0x00, 0x00, 0x00, 0x09, 0xFF, 0xFF, 0xFF, 0xFD,
    0x00, 0x00, 0x00, 0x00, 0x00, 0x00, 0x00, 0x00, 0x00, 0x00, 0x04, 0x15, 0x00, 0x00, 0x00, 0x09,
    0x00, 0x00, 0x00, 0x08, 0x00, 0x00, 0x00, 0x07, 0xFF, 0xFF, 0xFF, 0xFD, 0x00, 0x00, 0x00, 0x00,
    0x00, 0x00, 0x00, 0x00, 0x00, 0x00, 0x04, 0x16, 0x00, 0x00, 0x00, 0x09, 0x00, 0x00, 0x00, 0x0D,
    0x00, 0x00, 0x00, 0x0C, 0xFF, 0xFF, 0xFF, 0xFD, 0x00, 0x00, 0x00, 0x00, 0x00, 0x00, 0x00, 0x00,
    0x00, 0x00, 0x04, 0x17, 0x00, 0x00, 0x00, 0x09, 0x00, 0x00, 0x00, 0x08, 0x00, 0x00, 0x00, 0x07,
    0xFF, 0xFF, 0xFF, 0xFD, 0x00, 0x00, 0x00, 0x00, 0x00, 0x00, 0x00, 0x00, 0x00, 0x00, 0x04, 0x18,
    0x00, 0x00, 0x00, 0x09, 0x00, 0x00, 0x00, 0x09, 0x00, 0x00, 0x00, 0x08, 0xFF, 0xFF, 0xFF, 0xFD,
    0x00, 0x00, 0x00, 0x00, 0x00, 0x00, 0x00, 0x00, 0x00, 0x00, 0x04, 0x19, 0x00, 0x00, 0x00, 0x0B,
    0x00, 0x00, 0x00, 0x09, 0x00, 0x00, 0x00, 0x08, 0xFF, 0xFF, 0xFF, 0xFF, 0x00, 0x00, 0x00, 0x00,
    0x00, 0x00, 0x00, 0x00, 0x00, 0x00, 0x04, 0x1A, 0x00, 0x00, 0x00, 0x09, 0x00, 0x00, 0x00, 0x09,
    0x00, 0x00, 0x00, 0x08, 0xFF, 0xFF, 0xFF, 0xFD, 0x00, 0x00, 0x00, 0x00, 0x00, 0x00, 0x00, 0x00,
    0x00, 0x00, 0x04, 0x1B, 0x00, 0x00, 0x00, 0x09, 0x00, 0x00, 0x00, 0x09, 0x00, 0x00, 0x00, 0x09,
    0xFF, 0xFF, 0xFF, 0xFD, 0x00, 0x00, 0x00, 0x00, 0x00, 0x00, 0x00, 0x00, 0x00, 0x00, 0x04, 0x1C,
    0x00, 0x00, 0x00, 0x09, 0x00, 0x00, 0x00, 0x0A, 0x00, 0x00, 0x00, 0x0A, 0xFF, 0xFF, 0xFF, 0xFD,
    0x00, 0x00, 0x00, 0x00, 0x00, 0x00, 0x00, 0x00, 0x00, 0x00, 0x04, 0x1D, 0x00, 0x00, 0x00, 0x09,
    0x00, 0x00, 0x00, 0x09, 0x00, 0x00, 0x00, 0x09, 0xFF, 0xFF, 0xFF, 0xFD, 0x00, 0x00, 0x00, 0x00,
    0x00, 0x00, 0x00, 0x00, 0x00, 0x00, 0x04, 0x1E, 0x00, 0x00, 0x00, 0x09, 0x00, 0x00, 0x00, 0x09,
    0x00, 0x00, 0x00, 0x09, 0xFF, 0xFF, 0xFF, 0xFD, 0x00, 0x00, 0x00, 0x00, 0x00, 0x00, 0x00, 0x00,
    0x00, 0x00, 0x04, 0x1F, 0x00, 0x00, 0x00, 0x09, 0x00, 0x00, 0x00, 0x09, 0x00, 0x00, 0x00, 0x09,
    0xFF, 0xFF, 0xFF, 0xFD, 0x00, 0x00, 0x00, 0x00, 0x00, 0x00, 0x00, 0x00, 0x00, 0x00, 0x04, 0x20,
    0x00, 0x00, 0x00, 0x09, 0x00, 0x00, 0x00, 0x07, 0x00, 0x00, 0x00, 0x07, 0xFF, 0xFF, 0xFF, 0xFD,
    0x00, 0x00, 0x00, 0x00, 0x00, 0x00, 0x00, 0x00, 0x00, 0x00, 0x04, 0x21, 0x00, 0x00, 0x00, 0x09,
    0x00, 0x00, 0x00, 0x08, 0x00, 0x00, 0x00, 0x08, 0xFF, 0xFF, 0xFF, 0xFD, 0x00, 0x00, 0x00, 0x00,
    0x00, 0x00, 0x00, 0x00, 0x00, 0x00, 0x04, 0x22, 0x00, 0x00, 0x00, 0x09, 0x00, 0x00, 0x00, 0x09,
    0x00, 0x00, 0x00, 0x07, 0xFF, 0xFF, 0xFF, 0xFD, 0xFF, 0xFF, 0xFF, 0xFF, 0x00, 0x00, 0x00, 0x00,
    0x00, 0x00, 0x04, 0x23, 0x00, 0x00, 0x00, 0x09, 0x00, 0x00, 0x00, 0x08, 0x00, 0x00, 0x00, 0x07,
    0xFF, 0xFF, 0xFF, 0xFD, 0x00, 0x00, 0x00, 0x00, 0x00, 0x00, 0x00, 0x00, 0x00, 0x00, 0x04, 0x24,
    0x00, 0x00, 0x00, 0x09, 0x00, 0x00, 0x00, 0x0A, 0x00, 0x00, 0x00, 0x0A, 0xFF, 0xFF, 0xFF, 0xFD,
    0x00, 0x00, 0x00, 0x00, 0x00, 0x00, 0x00, 0x00, 0x00, 0x00, 0x04, 0x25, 0x00, 0x00, 0x00, 0x09,
    0x00, 0x00, 0x00, 0x08, 0x00, 0x00, 0x00, 0x08, 0xFF, 0xFF, 0xFF, 0xFD, 0x00, 0x00, 0x00, 0x00,
    0x00, 0x00, 0x00, 0x00, 0x00, 0x00, 0x04, 0x26, 0x00, 0x00, 0x00, 0x0B, 0x00, 0x00, 0x00, 0x09,
    0x00, 0x00, 0x00, 0x09, 0xFF, 0xFF, 0xFF, 0xFD, 0x00, 0x00, 0x00, 0x00, 0x00, 0x00, 0x00, 0x00,
    0x00, 0x00, 0x04, 0x27, 0x00, 0x00, 0x00, 0x09, 0x00, 0x00, 0x00, 0x08, 0x00, 0x00, 0x00, 0x08,
    0xFF, 0xFF, 0xFF, 0xFD, 0x00, 0x00, 0x00, 0x00, 0x00, 0x00, 0x00, 0x00, 0x00, 0x00, 0x04, 0x28,
    0x00, 0x00, 0x00, 0x09, 0x00, 0x00, 0x00, 0x0D, 0x00, 0x00, 0x00, 0x0C, 0xFF, 0xFF, 0xFF, 0xFD,
    0x00, 0x00, 0x00, 0x00, 0x00, 0x00, 0x00, 0x00, 0x00, 0x00, 0x04, 0x29, 0x00, 0x00, 0x00, 0x0B,
    0x00, 0x00, 0x00, 0x0D, 0x00, 0x00, 0x00, 0x0D, 0xFF, 0xFF, 0xFF, 0xFD, 0x00, 0x00, 0x00, 0x00,
    0x00, 0x00, 0x00, 0x00, 0x00, 0x00, 0x04, 0x2A, 0x00, 0x00, 0x00, 0x09, 0x00, 0x00, 0x00, 0x0A,
    0x00, 0x00, 0x00, 0x09, 0xFF, 0xFF, 0xFF, 0xFD, 0x00, 0x00, 0x00, 0x00, 0x00, 0x00, 0x00, 0x00,
    0x00, 0x00, 0x04, 0x2B, 0x00, 0x00, 0x00, 0x09, 0x00, 0x00, 0x00, 0x0B, 0x00, 0x00, 0x00, 0x0A,
    0xFF, 0xFF, 0xFF, 0xFD, 0x00, 0x00, 0x00, 0x00, 0x00, 0x00, 0x00, 0x00, 0x00, 0x00, 0x04, 0x2C,
    0x00, 0x00, 0x00, 0x09, 0x00, 0x00, 0x00, 0x08, 0x00, 0x00, 0x00, 0x08, 0xFF, 0xFF, 0xFF, 0xFD,
    0x00, 0x00, 0x00, 0x00, 0x00, 0x00, 0x00, 0x00, 0x00, 0x00, 0x04, 0x2D, 0x00, 0x00, 0x00, 0x09,
    0x00, 0x00, 0x00, 0x08, 0x00, 0x00, 0x00, 0x08, 0xFF, 0xFF, 0xFF, 0xFD, 0x00, 0x00, 0x00, 0x00,
    0x00, 0x00, 0x00, 0x00, 0x00, 0x00, 0x04, 0x2E, 0x00, 0x00, 0x00, 0x09, 0x00, 0x00, 0x00, 0x0D,
    0x00, 0x00, 0x00, 0x0C, 0xFF, 0xFF, 0xFF, 0xFD, 0x00, 0x00, 0x00, 0x00, 0x00, 0x00, 0x00, 0x00,
    0x00, 0x00, 0x04, 0x2F, 0x00, 0x00, 0x00, 0x09, 0x00, 0x00, 0x00, 0x08, 0x00, 0x00, 0x00, 0x08,
    0xFF, 0xFF, 0xFF, 0xFD, 0x00, 0x00, 0x00, 0x00, 0x00, 0x00, 0x00, 0x00, 0x00, 0x00, 0x04, 0x30,
    0x00, 0x00, 0x00, 0x07, 0x00, 0x00, 0x00, 0x07, 0x00, 0x00, 0x00, 0x07, 0xFF, 0xFF, 0xFF, 0xFB,
    0x00, 0x00, 0x00, 0x00, 0x00, 0x00, 0x00, 0x00, 0x00, 0x00, 0x04, 0x31, 0x00, 0x00, 0x00, 0x0B,
    0x00, 0x00, 0x00, 0x07, 0x00, 0x00, 0x00, 0x07, 0xFF, 0xFF, 0xFF, 0xFF, 0x00, 0x00, 0x00, 0x00,
    0x00, 0x00, 0x00, 0x00, 0x00, 0x00, 0x04, 0x32, 0x00, 0x00, 0x00, 0x07, 0x00, 0x00, 0x00, 0x07,
    0x00, 0x00, 0x00, 0x07, 0xFF, 0xFF, 0xFF, 0xFB, 0x00, 0x00, 0x00, 0x00, 0x00, 0x00, 0x00, 0x00,
    0x00, 0x00, 0x04, 0x33, 0x00, 0x00, 0x00, 0x07, 0x00, 0x00, 0x00, 0x06, 0x00, 0x00, 0x00, 0x06,
    0xFF, 0xFF, 0xFF, 0xFB, 0x00, 0x00, 0x00, 0x00, 0x00, 0x00, 0x00, 0x00, 0x00, 0x00, 0x04, 0x34,
    0x00, 0x00, 0x00, 0x09, 0x00, 0x00, 0x00, 0x08, 0x00, 0x00, 0x00, 0x08, 0xFF, 0xFF, 0xFF, 0xFB,
    0x00, 0x00, 0x00, 0x00, 0x00, 0x00, 0x00, 0x00, 0x00, 0x00, 0x04, 0x35, 0x00, 0x00, 0x00, 0x07,
    0x00, 0x00, 0x00, 0x07, 0x00, 0x00, 0x00, 0x07, 0xFF, 0xFF, 0xFF, 0xFB, 0x00, 0x00, 0x00, 0x00,
    0x00, 0x00, 0x00, 0x00, 0x00, 0x00, 0x04, 0x36, 0x00, 0x00, 0x00, 0x07, 0x00, 0x00, 0x00, 0x0B,
    0x00, 0x00, 0x00, 0x0A, 0xFF, 0xFF, 0xFF, 0xFB, 0x00, 0x00, 0x00, 0x00, 0x00, 0x00, 0x00, 0x00,
    0x00, 0x00, 0x04, 0x37, 0x00, 0x00, 0x00, 0x07, 0x00, 0x00, 0x00, 0x06, 0x00, 0x00, 0x00, 0x06,
    0xFF, 0xFF, 0xFF, 0xFB, 0x00, 0x00, 0x00, 0x00, 0x00, 0x00, 0x00, 0x00, 0x00, 0x00, 0x04, 0x38,
    0x00, 0x00, 0x00, 0x07, 0x00, 0x00, 0x00, 0x08, 0x00, 0x00, 0x00, 0x07, 0xFF, 0xFF, 0xFF, 0xFB,
    0x00, 0x00, 0x00, 0x00, 0x00, 0x00, 0x00, 0x00, 0x00, 0x00, 0x04, 0x39, 0x00, 0x00, 0x00, 0x0A,
    0x00, 0x00, 0x00, 0x08, 0x00, 0x00, 0x00, 0x07, 0xFF, 0xFF, 0xFF, 0xFE, 0x00, 0x00, 0x00, 0x00,
    0x00, 0x00, 0x00, 0x00, 0x00, 0x00, 0x04, 0x3A, 0x00, 0x00, 0x00, 0x07, 0x00, 0x00, 0x00, 0x07,
    0x00, 0x00, 0x00, 0x07, 0xFF, 0xFF, 0xFF, 0xFB, 0x00, 0x00, 0x00, 0x00, 0x00, 0x00, 0x00, 0x00,
    0x00, 0x00, 0x04, 0x3B, 0x00, 0x00, 0x00, 0x07, 0x00, 0x00, 0x00, 0x08, 0x00, 0x00, 0x00, 0x07,
    0xFF, 0xFF, 0xFF, 0xFB, 0x00, 0x00, 0x00, 0x00, 0x00, 0x00, 0x00, 0x00, 0x00, 0x00, 0x04, 0x3C,
    0x00, 0x00, 0x00, 0x07, 0x00, 0x00, 0x00, 0x09, 0x00, 0x00, 0x00, 0x09, 0xFF, 0xFF, 0xFF, 0xFB,
    0x00, 0x00, 0x00, 0x00, 0x00, 0x00, 0x00, 0x00, 0x00, 0x00, 0x04, 0x3D, 0x00, 0x00, 0x00, 0x07,
    0x00, 0x00, 0x00, 0x08, 0x00, 0x00, 0x00, 0x07, 0xFF, 0xFF, 0xFF, 0xFB, 0x00, 0x00, 0x00, 0x00,
    0x00, 0x00, 0x00, 0x00, 0x00, 0x00, 0x04, 0x3E, 0x00, 0x00, 0x00, 0x07, 0x00, 0x00, 0x00, 0x07,
    0x00, 0x00, 0x00, 0x07, 0xFF, 0xFF, 0xFF, 0xFB, 0x00, 0x00, 0x00, 0x00, 0x00, 0x00, 0x00, 0x00,
    0x00, 0x00, 0x04, 0x3F, 0x00, 0x00, 0x00, 0x07, 0x00, 0x00, 0x00, 0x08, 0x00, 0x00, 0x00, 0x07,
    0xFF, 0xFF, 0xFF, 0xFB, 0x00, 0x00, 0x00, 0x00, 0x00, 0x00, 0x00, 0x00, 0x00, 0x00, 0x04, 0x40,
    0x00, 0x00, 0x00, 0x0A, 0x00, 0x00, 0x00, 0x08, 0x00, 0x00, 0x00, 0x07, 0xFF, 0xFF, 0xFF, 0xFB,
    0x00, 0x00, 0x00, 0x00, 0x00, 0x00, 0x00, 0x00, 0x00, 0x00, 0x04, 0x41, 0x00, 0x00, 0x00, 0x07,
    0x00, 0x00, 0x00, 0x07, 0x00, 0x00, 0x00, 0x06, 0xFF, 0xFF, 0xFF, 0xFB, 0x00, 0x00, 0x00, 0x00,
    0x00, 0x00, 0x00, 0x00, 0x00, 0x00, 0x04, 0x42, 0x00, 0x00, 0x00, 0x07, 0x00, 0x00, 0x00, 0x07,
    0x00, 0x00, 0x00, 0x06, 0xFF, 0xFF, 0xFF, 0xFB, 0x00, 0x00, 0x00, 0x00, 0x00, 0x00, 0x00, 0x00,
    0x00, 0x00, 0x04, 0x43, 0x00, 0x00, 0x00, 0x0A, 0x00, 0x00, 0x00, 0x07, 0x00, 0x00, 0x00, 0x07,
    0xFF, 0xFF, 0xFF, 0xFB, 0x00, 0x00, 0x00, 0x00, 0x00, 0x00, 0x00, 0x00, 0x00, 0x00, 0x04, 0x44,
    0x00, 0x00, 0x00, 0x0D, 0x00, 0x00, 0x00, 0x0A, 0x00, 0x00, 0x00, 0x0A, 0xFF, 0xFF, 0xFF, 0xFE,
    0x00, 0x00, 0x00, 0x00, 0x00, 0x00, 0x00, 0x00, 0x00, 0x00, 0x04, 0x45, 0x00, 0x00, 0x00, 0x07,
    0x00, 0x00, 0x00, 0x07, 0x00, 0x00, 0x00, 0x07, 0xFF, 0xFF, 0xFF, 0xFB, 0x00, 0x00, 0x00, 0x00,
    0x00, 0x00, 0x00, 0x00, 0x00, 0x00, 0x04, 0x46, 0x00, 0x00, 0x00, 0x09, 0x00, 0x00, 0x00, 0x08,
    0x00, 0x00, 0x00, 0x08, 0xFF, 0xFF, 0xFF, 0xFB, 0x00, 0x00, 0x00, 0x00, 0x00, 0x00, 0x00, 0x00,
    0x00, 0x00, 0x04, 0x47, 0x00, 0x00, 0x00, 0x07, 0x00, 0x00, 0x00, 0x07, 0x00, 0x00, 0x00, 0x07,
    0xFF, 0xFF, 0xFF, 0xFB, 0x00, 0x00, 0x00, 0x00, 0x00, 0x00, 0x00, 0x00, 0x00, 0x00, 0x04, 0x48,
    0x00, 0x00, 0x00, 0x07, 0x00, 0x00, 0x00, 0x0B, 0x00, 0x00, 0x00, 0x0A, 0xFF, 0xFF, 0xFF, 0xFB,
    0x00, 0x00, 0x00, 0x00, 0x00, 0x00, 0x00, 0x00, 0x00, 0x00, 0x04, 0x49, 0x00, 0x00, 0x00, 0x09,
    0x00, 0x00, 0x00, 0x0B, 0x00, 0x00, 0x00, 0x0B, 0xFF, 0xFF, 0xFF, 0xFB, 0x00, 0x00, 0x00, 0x00,
    0x00, 0x00, 0x00, 0x00, 0x00, 0x00, 0x04, 0x4A, 0x00, 0x00, 0x00, 0x07, 0x00, 0x00, 0x00, 0x08,
    0x00, 0x00, 0x00, 0x08, 0xFF, 0xFF, 0xFF, 0xFB, 0x00, 0x00, 0x00, 0x00, 0x00, 0x00, 0x00, 0x00,
    0x00, 0x00, 0x04, 0x4B, 0x00, 0x00, 0x00, 0x07, 0x00, 0x00, 0x00, 0x09, 0x00, 0x00, 0x00, 0x09,
    0xFF, 0xFF, 0xFF, 0xFB, 0x00, 0x00, 0x00, 0x00, 0x00, 0x00, 0x00, 0x00, 0x00, 0x00, 0x04, 0x4C,
    0x00, 0x00, 0x00, 0x07, 0x00, 0x00, 0x00, 0x07, 0x00, 0x00, 0x00, 0x07, 0xFF, 0xFF, 0xFF, 0xFB,
    0x00, 0x00, 0x00, 0x00, 0x00, 0x00, 0x00, 0x00, 0x00, 0x00, 0x04, 0x4D, 0x00, 0x00, 0x00, 0x07,
    0x00, 0x00, 0x00, 0x07, 0x00, 0x00, 0x00, 0x06, 0xFF, 0xFF, 0xFF, 0xFB, 0x00, 0x00, 0x00, 0x00,
    0x00, 0x00, 0x00, 0x00, 0x00, 0x00, 0x04, 0x4E, 0x00, 0x00, 0x00, 0x07, 0x00, 0x00, 0x00, 0x0A,
    0x00, 0x00, 0x00, 0x0A, 0xFF, 0xFF, 0xFF, 0xFB, 0x00, 0x00, 0x00, 0x00, 0x00, 0x00, 0x00, 0x00,
    0x00, 0x00, 0x04, 0x4F, 0x00, 0x00, 0x00, 0x07, 0x00, 0x00, 0x00, 0x07, 0x00, 0x00, 0x00, 0x07,
    0xFF, 0xFF, 0xFF, 0xFB, 0x00, 0x00, 0x00, 0x00, 0x00, 0x00, 0x00, 0x00, 0x00, 0x00, 0x04, 0x50,
    0x00, 0x00, 0x00, 0x0A, 0x00, 0x00, 0x00, 0x07, 0x00, 0x00, 0x00, 0x07, 0xFF, 0xFF, 0xFF, 0xFE,
    0x00, 0x00, 0x00, 0x00, 0x00, 0x00, 0x00, 0x00, 0x00, 0x00, 0x04, 0x51, 0x00, 0x00, 0x00, 0x09,
    0x00, 0x00, 0x00, 0x07, 0x00, 0x00, 0x00, 0x07, 0xFF, 0xFF, 0xFF, 0xFD, 0x00, 0x00, 0x00, 0x00,
    0x00, 0x00, 0x00, 0x00, 0x00, 0x00, 0x04, 0x52, 0x00, 0x00, 0x00, 0x0D, 0x00, 0x00, 0x00, 0x08,
    0x00, 0x00, 0x00, 0x07, 0xFF, 0xFF, 0xFF, 0xFE, 0x00, 0x00, 0x00, 0x00, 0x00, 0x00, 0x00, 0x00,
    0x00, 0x00, 0x04, 0x53, 0x00, 0x00, 0x00, 0x0A, 0x00, 0x00, 0x00, 0x06, 0x00, 0x00, 0x00, 0x06,
    0xFF, 0xFF, 0xFF, 0xFE, 0x00, 0x00, 0x00, 0x00, 0x00, 0x00, 0x00, 0x00, 0x00, 0x00, 0x04, 0x54,
    0x00, 0x00, 0x00, 0x07, 0x00, 0x00, 0x00, 0x07, 0x00, 0x00, 0x00, 0x06, 0xFF, 0xFF, 0xFF, 0xFB,
    0x00, 0x00, 0x00, 0x00, 0x00, 0x00, 0x00, 0x00, 0x00, 0x00, 0x04, 0x55, 0x00, 0x00, 0x00, 0x07,
    0x00, 0x00, 0x00, 0x06, 0x00, 0x00, 0x00, 0x06, 0xFF, 0xFF, 0xFF, 0xFB, 0x00, 0x00, 0x00, 0x00,
    0x00, 0x00, 0x00, 0x00, 0x00, 0x00, 0x04, 0x56, 0x00, 0x00, 0x00, 0x09, 0x00, 0x00, 0x00, 0x03,
    0x00, 0x00, 0x00, 0x03, 0xFF, 0xFF, 0xFF, 0xFD, 0x00, 0x00, 0x00, 0x00, 0x00, 0x00, 0x00, 0x00,
    0x00, 0x00, 0x04, 0x57, 0x00, 0x00, 0x00, 0x09, 0x00, 0x00, 0x00, 0x05, 0x00, 0x00, 0x00, 0x03,
    0xFF, 0xFF, 0xFF, 0xFD, 0xFF, 0xFF, 0xFF, 0xFF, 0x00, 0x00, 0x00, 0x00, 0x00, 0x00, 0x04, 0x58,
    0x00, 0x00, 0x00, 0x0C, 0x00, 0x00, 0x00, 0x04, 0x00, 0x00, 0x00, 0x03, 0xFF, 0xFF, 0xFF, 0xFD,
    0xFF, 0xFF, 0xFF, 0xFF, 0x00, 0x00, 0x00, 0x00, 0x00, 0x00, 0x04, 0x59, 0x00, 0x00, 0x00, 0x07,
    0x00, 0x00, 0x00, 0x0B, 0x00, 0x00, 0x00, 0x0A, 0xFF, 0xFF, 0xFF, 0xFB, 0x00, 0x00, 0x00, 0x00,
    0x00, 0x00, 0x00, 0x00, 0x00, 0x00, 0x04, 0x5A, 0x00, 0x00, 0x00, 0x07, 0x00, 0x00, 0x00, 0x0B,
    0x00, 0x00, 0x00, 0x0A, 0xFF, 0xFF, 0xFF, 0xFB, 0x00, 0x00, 0x00, 0x00, 0x00, 0x00, 0x00, 0x00,
    0x00, 0x00, 0x04, 0x5B, 0x00, 0x00, 0x00, 0x0A, 0x00, 0x00, 0x00, 0x08, 0x00, 0x00, 0x00, 0x07,
    0xFF, 0xFF, 0xFF, 0xFE, 0x00, 0x00, 0x00, 0x00, 0x00, 0x00, 0x00, 0x00, 0x00, 0x00, 0x04, 0x5C,
    0x00, 0x00, 0x00, 0x0A, 0x00, 0x00, 0x00, 0x07, 0x00, 0x00, 0x00, 0x07, 0xFF, 0xFF, 0xFF, 0xFE,
    0x00, 0x00, 0x00, 0x00, 0x00, 0x00, 0x00, 0x00, 0x00, 0x00, 0x04, 0x5D, 0x00, 0x00, 0x00, 0x0A,
    0x00, 0x00, 0x00, 0x08, 0x00, 0x00, 0x00, 0x07, 0xFF, 0xFF, 0xFF, 0xFE, 0x00, 0x00, 0x00, 0x00,
    0x00, 0x00, 0x00, 0x00, 0x00, 0x00, 0x04, 0x5E, 0x00, 0x00, 0x00, 0x0D, 0x00, 0x00, 0x00, 0x07,
    0x00, 0x00, 0x00, 0x07, 0xFF, 0xFF, 0xFF, 0xFE, 0x00, 0x00, 0x00, 0x00, 0x00, 0x00, 0x00, 0x00,
    0x00, 0x00, 0x04, 0x5F, 0x00, 0x00, 0x00, 0x09, 0x00, 0x00, 0x00, 0x08, 0x00, 0x00, 0x00, 0x07,
    0xFF, 0xFF, 0xFF, 0xFB, 0x00, 0x00, 0x00, 0x00, 0x00, 0x00, 0x00, 0x00, 0x00, 0x00, 0x04, 0x90,
    0x00, 0x00, 0x00, 0x0B, 0x00, 0x00, 0x00, 0x07, 0x00, 0x00, 0x00, 0x07, 0xFF, 0xFF, 0xFF, 0xFF,
    0x00, 0x00, 0x00, 0x00, 0x00, 0x00, 0x00, 0x00, 0x00, 0x00, 0x04, 0x91, 0x00, 0x00, 0x00, 0x09,
    0x00, 0x00, 0x00, 0x06, 0x00, 0x00, 0x00, 0x06, 0xFF, 0xFF, 0xFF, 0xFD, 0x00, 0x00, 0x00, 0x00,
    0x00, 0x00, 0x00, 0x00, 0x00, 0x30, 0xFF, 0x00, 0x00, 0x00, 0x30, 0xFF, 0x00, 0x00, 0x00, 0x30,
    0xFF, 0x00, 0x00, 0x00, 0x2F, 0xFF, 0x00, 0x00, 0x00, 0x27, 0xF7, 0x00, 0x00, 0x00, 0x18, 0xEA,
    0x00, 0x00, 0x00, 0x00, 0x00, 0x00, 0x00, 0x00, 0x30, 0xFF, 0x00, 0x00, 0x00, 0x30, 0xFF, 0x00,
    0x00, 0x00, 0xD8, 0x28, 0xA0, 0x5C, 0x00, 0x00, 0xD8, 0x28, 0xA0, 0x5C, 0x00, 0x00, 0xD8, 0x28,
    0xA0, 0x5C, 0x00, 0x00, 0x00, 0x00, 0x00, 0x00, 0x00, 0x00, 0x00, 0x00, 0x00, 0x00, 0x00, 0x00,
    0x00, 0x00, 0x00, 0x00, 0x00, 0x00, 0x00, 0x00, 0x00, 0x00, 0x00, 0x00, 0x00, 0x00, 0x00, 0x00,
    0x00, 0x00, 0x00, 0x00, 0x00, 0x00, 0x00, 0x00, 0x00, 0x00, 0x00, 0xD6, 0x19, 0x30, 0xC1, 0x00,
    0x00, 0x00, 0x00, 0x00, 0x24, 0xCA, 0x00, 0x7D, 0x75, 0x00, 0x00, 0x00, 0x68, 0xFF, 0xFF, 0xFF,
    0xFF, 0xFF, 0xFF, 0xFF, 0x24, 0x00, 0x00, 0x00, 0xA5, 0x4F, 0x05, 0xE7, 0x03, 0x00, 0x00, 0x00,
    0x00, 0x00, 0xE2, 0x11, 0x39, 0xB6, 0x00, 0x00, 0x00, 0x14, 0xFF, 0xFF, 0xFF, 0xFF, 0xFF, 0xFF,
    0xFF, 0x78, 0x00, 0x00, 0x00, 0x64, 0x8D, 0x00, 0xBB, 0x38, 0x00, 0x00, 0x00, 0x00, 0x00, 0xB1,
    0x41, 0x0C, 0xE2, 0x01, 0x00, 0x00, 0x00, 0x00, 0x00, 0x00, 0x88, 0x10, 0x00, 0x00, 0x00, 0x00,
    0x33, 0xC6, 0xFA, 0xDF, 0x6A, 0x01, 0x00, 0x00, 0xD7, 0x74, 0x8D, 0x30, 0x93, 0x1A, 0x00, 0x00,
    0xF1, 0x24, 0x88, 0x10, 0x00, 0x00, 0x00, 0x00, 0x7D, 0xCD, 0xC3, 0x4A, 0x06, 0x00, 0x00, 0x00,
    0x00, 0x24, 0xB1, 0xA8, 0xDA, 0x28, 0x00, 0x00, 0x00, 0x00, 0x88, 0x10, 0x85, 0x92, 0x00, 0x00,
    0xB0, 0x32, 0x8D, 0x2C, 0xC2, 0x78, 0x00, 0x00, 0x4C, 0xC8, 0xFA, 0xE7, 0x95, 0x07, 0x00, 0x00,
    0x00, 0x00, 0x88, 0x10, 0x00, 0x00, 0x00, 0x00, 0x00, 0x00, 0x88, 0x10, 0x00, 0x00, 0x00, 0x00,
    0x85, 0xF0, 0xC2, 0x15, 0x00, 0x00, 0x56, 0x99, 0x00, 0x00, 0x2A, 0xD7, 0x14, 0x8C, 0x85, 0x00,
    0x0C, 0xD0, 0x12, 0x00, 0x00, 0x4F, 0x9F, 0x00, 0x44, 0xAB, 0x00, 0x8D, 0x62, 0x00, 0x00, 0x00,
    0x2D, 0xD6, 0x13, 0x8A, 0x87, 0x2D, 0xC1, 0x01, 0x00, 0x00, 0x00, 0x00, 0x8B, 0xF1, 0xC4, 0x17,
    0xBF, 0x2F, 0x7D, 0xF0, 0xC6, 0x18, 0x00, 0x00, 0x00, 0x00, 0x60, 0x90, 0x21, 0xDE, 0x17, 0x84,
    0x8E, 0x00, 0x00, 0x00, 0x10, 0xD0, 0x0E, 0x44, 0xAB, 0x00, 0x3C, 0xB3, 0x00, 0x00, 0x00, 0x97,
    0x59, 0x00, 0x21, 0xDD, 0x16, 0x83, 0x8F, 0x00, 0x00, 0x34, 0xBB, 0x00, 0x00, 0x00, 0x7D, 0xF0,
    0xC8, 0x1A, 0x00, 0x00, 0x6D, 0xE6, 0xE6, 0x70, 0x00, 0x00, 0x00, 0x00, 0x21, 0xF7, 0x36, 0x11,
    0x92, 0x13, 0x00, 0x00, 0x00, 0x28, 0xF3, 0x0B, 0x00, 0x00, 0x00, 0x00, 0x00, 0x00, 0x06, 0xDD,
    0xB6, 0x07, 0x00, 0x00, 0x00, 0x00, 0x00, 0xA7, 0x79, 0x95, 0xB7, 0x08, 0x00, 0x9C, 0x75, 0x23,
    0xF8, 0x08, 0x01, 0x9F, 0xBA, 0x0B, 0xD9, 0x31, 0x2D, 0xF8, 0x09, 0x00, 0x03, 0xA9, 0xDB, 0xB0,
    0x00, 0x04, 0xD6, 0xA8, 0x1B, 0x13, 0x73, 0xFE, 0xB3, 0x02, 0x00, 0x20, 0xAE, 0xEE, 0xF1, 0xA9,
    0x2B, 0xD4, 0x8E, 0x00, 0xD8, 0x28, 0x00, 0xD8, 0x28, 0x00, 0xD8, 0x28, 0x00, 0x00, 0x00, 0x00,
    0x00, 0x00, 0x00, 0x00, 0x00, 0x00, 0x00, 0x00, 0x00, 0x00, 0x00, 0x00, 0x00, 0x00, 0x00, 0x00,
    0x7F, 0x78, 0x00, 0x00, 0x11, 0xE7, 0x0D, 0x00, 0x00, 0x6D, 0xA3, 0x00, 0x00, 0x00, 0xB6, 0x63,
    0x00, 0x00, 0x00, 0xE3, 0x3D, 0x00, 0x00, 0x00, 0xF3, 0x30, 0x00, 0x00, 0x00, 0xE2, 0x3D, 0x00,
    0x00, 0x00, 0xB4, 0x63, 0x00, 0x00, 0x00, 0x6A, 0xA2, 0x00, 0x00, 0x00, 0x0F, 0xE5, 0x0C, 0x00,
    0x00, 0x00, 0x7E, 0x78, 0x00, 0x00, 0xC7, 0x2E, 0x00, 0x00, 0x00, 0x52, 0xB1, 0x00, 0x00, 0x00,
    0x06, 0xED, 0x1C, 0x00, 0x00, 0x00, 0xB7, 0x63, 0x00, 0x00, 0x00, 0x8E, 0x92, 0x00, 0x00, 0x00,
    0x80, 0xA2, 0x00, 0x00, 0x00, 0x8E, 0x92, 0x00, 0x00, 0x00, 0xB7, 0x63, 0x00, 0x00, 0x06, 0xED,
    0x1D, 0x00, 0x00, 0x51, 0xB2, 0x00, 0x00, 0x00, 0xC6, 0x2F, 0x00, 0x00, 0x00, 0x00, 0x54, 0x54,
    0x00, 0x00, 0x68, 0x6F, 0x55, 0x55, 0x6F, 0x68, 0x01, 0x64, 0xD2, 0xD3, 0x66, 0x01, 0x01, 0x63,
    0xD2, 0xD3, 0x65, 0x01, 0x68, 0x70, 0x55, 0x55, 0x70, 0x68, 0x00, 0x00, 0x54, 0x54, 0x00, 0x00,
    0x00, 0x00, 0x00, 0x00, 0x00, 0x00, 0x00, 0x00, 0x00, 0x00, 0x00, 0x00, 0x00, 0x00, 0x00, 0x00,
    0x00, 0x00, 0x00, 0x00, 0x00, 0x00, 0x78, 0x84, 0x00, 0x00, 0x00, 0x00, 0x00, 0x00, 0x00, 0x00,
    0x78, 0x84, 0x00, 0x00, 0x00, 0x00, 0x00, 0x00, 0x00, 0x00, 0x78, 0x84, 0x00, 0x00, 0x00, 0x00,
    0x00, 0xBC, 0xFF, 0xFF, 0xFF, 0xFF, 0xFF, 0xFF, 0xC8, 0x00, 0x00, 0x00, 0x00, 0x00, 0x78, 0x84,
    0x00, 0x00, 0x00, 0x00, 0x00, 0x00, 0x00, 0x00, 0x78, 0x84, 0x00, 0x00, 0x00, 0x00, 0x00, 0x00,
    0x00, 0x00, 0x78, 0x84, 0x00, 0x00, 0x00, 0x00, 0x00, 0x98, 0xA4, 0x00, 0x00, 0xB5, 0x6A, 0x00,
    0x03, 0xD7, 0x07, 0x00, 0x68, 0xFF, 0xFF, 0xC0, 0x00, 0x00, 0x00, 0x00, 0x00, 0x00, 0x00, 0x00,
    0x00, 0x00, 0x00, 0x00, 0x00, 0xB8, 0x84, 0x00, 0x00, 0xB8, 0x84, 0x00, 0x00, 0x00, 0x1C, 0xE2,
    0x00, 0x00, 0x00, 0x6A, 0x96, 0x00, 0x00, 0x00, 0xB8, 0x48, 0x00, 0x00, 0x0C, 0xEC, 0x07, 0x00,
    0x00, 0x54, 0xAC, 0x00, 0x00, 0x00, 0xA2, 0x5E, 0x00, 0x00, 0x03, 0xE9, 0x13, 0x00, 0x00, 0x3E,
    0xC2, 0x00, 0x00, 0x00, 0x8C, 0x74, 0x00, 0x00, 0x00, 0xD9, 0x26, 0x00, 0x00, 0x00, 0x00, 0x0D,
    0xA8, 0xF5, 0xE5, 0x69, 0x00, 0x00, 0x00, 0x9B, 0xBF, 0x18, 0x40, 0xF3, 0x3D, 0x00, 0x05, 0xF4,
    0x3E, 0x00, 0x00, 0x9C, 0x9C, 0x00, 0x25, 0xFF, 0x0E, 0x00, 0x00, 0x6C, 0xC7, 0x00, 0x31, 0xFF,
    0x01, 0x00, 0x00, 0x5D, 0xD4, 0x00, 0x25, 0xFF, 0x0E, 0x00, 0x00, 0x6C, 0xC7, 0x00, 0x05, 0xF5,
    0x3E, 0x00, 0x00, 0x9C, 0x9C, 0x00, 0x00, 0x9C, 0xBF, 0x18, 0x40, 0xF3, 0x3D, 0x00, 0x00, 0x0D,
    0xA9, 0xF6, 0xE6, 0x69, 0x00, 0x00, 0x00, 0xB0, 0xFF, 0xFF, 0x98, 0x00, 0x00, 0x00, 0x00, 0x00,
    0x00, 0x94, 0x98, 0x00, 0x00, 0x00, 0x00, 0x00, 0x00, 0x94, 0x98, 0x00, 0x00, 0x00, 0x00, 0x00,
    0x00, 0x94, 0x98, 0x00, 0x00, 0x00, 0x00, 0x00, 0x00, 0x94, 0x98, 0x00, 0x00, 0x00, 0x00, 0x00,
    0x00, 0x94, 0x98, 0x00, 0x00, 0x00, 0x00, 0x00, 0x00, 0x94, 0x98, 0x00, 0x00, 0x00, 0x00, 0x00,
    0x00, 0x94, 0x98, 0x00, 0x00, 0x00, 0x00, 0x84, 0xFF, 0xFF, 0xFF, 0xFF, 0x88, 0x00, 0x00, 0x51,
    0xC9, 0xF4, 0xD1, 0x4E, 0x00, 0x00, 0x0F, 0xAE, 0x35, 0x0C, 0x5E, 0xF8, 0x24, 0x00, 0x00, 0x00,
    0x00, 0x00, 0x00, 0xDA, 0x57, 0x00, 0x00, 0x00, 0x00, 0x00, 0x19, 0xFB, 0x2B, 0x00, 0x00, 0x00,
    0x00, 0x06, 0xBD, 0x99, 0x00, 0x00, 0x00, 0x00, 0x04, 0xAE, 0xB3, 0x05, 0x00, 0x00, 0x00, 0x03,
    0xA9, 0xBA, 0x07, 0x00, 0x00, 0x00, 0x02, 0xA2, 0xBF, 0x09, 0x00, 0x00, 0x00, 0x00, 0x20, 0xFF,
    0xFF, 0xFF, 0xFF, 0xFF, 0x70, 0x00, 0x00, 0x33, 0xBA, 0xF3, 0xDB, 0x65, 0x00, 0x00, 0x00, 0x98,
    0x40, 0x0B, 0x41, 0xF3, 0x3C, 0x00, 0x00, 0x00, 0x00, 0x00, 0x00, 0xC0, 0x6C, 0x00, 0x00, 0x00,
    0x00, 0x03, 0x3C, 0xEA, 0x2B, 0x00, 0x00, 0x00, 0x94, 0xFF, 0xFE, 0x78, 0x00, 0x00, 0x00, 0x00,
    0x00, 0x04, 0x33, 0xDE, 0x60, 0x00, 0x00, 0x00, 0x00, 0x00, 0x00, 0x8E, 0x9F, 0x00, 0x13, 0x97,
    0x25, 0x08, 0x3B, 0xE2, 0x64, 0x00, 0x00, 0x5D, 0xD4, 0xF6, 0xD8, 0x74, 0x00, 0x00, 0x00, 0x00,
    0x00, 0x1F, 0xF4, 0xB8, 0x00, 0x00, 0x00, 0x00, 0x00, 0xB4, 0xBE, 0xB8, 0x00, 0x00, 0x00, 0x00,
    0x56, 0xAA, 0x78, 0xB8, 0x00, 0x00, 0x00, 0x0F, 0xDA, 0x1C, 0x78, 0xB8, 0x00, 0x00, 0x00, 0x98,
    0x74, 0x00, 0x78, 0xB8, 0x00, 0x00, 0x36, 0xD2, 0x04, 0x00, 0x78, 0xB8, 0x00, 0x00, 0x68, 0xFF,
    0xFF, 0xFF, 0xFF, 0xFF, 0xF8, 0x00, 0x00, 0x00, 0x00, 0x00, 0x78, 0xB8, 0x00, 0x00, 0x00, 0x00,
    0x00, 0x00, 0x78, 0xB8, 0x00, 0x00, 0x00, 0xB4, 0xFF, 0xFF, 0xFF, 0xF0, 0x00, 0x00, 0x00, 0xB4,
    0x60, 0x00, 0x00, 0x00, 0x00, 0x00, 0x00, 0xB4, 0x60, 0x00, 0x00, 0x00, 0x00, 0x00, 0x00, 0xB4,
    0xF0, 0xF6, 0xD0, 0x4F, 0x00, 0x00, 0x00, 0x00, 0x00, 0x0C, 0x61, 0xF9, 0x32, 0x00, 0x00, 0x00,
    0x00, 0x00, 0x00, 0xB1, 0x81, 0x00, 0x00, 0x00, 0x00, 0x00, 0x00, 0xB1, 0x80, 0x00, 0x13, 0x9A,
    0x25, 0x0C, 0x5E, 0xF8, 0x33, 0x00, 0x00, 0x5F, 0xD6, 0xF4, 0xCC, 0x4F, 0x00, 0x00, 0x00, 0x00,
    0x5E, 0xD9, 0xF2, 0x9A, 0x09, 0x00, 0x00, 0x4C, 0xE4, 0x42, 0x0B, 0x5F, 0x46, 0x00, 0x00, 0xCE,
    0x5F, 0x00, 0x00, 0x00, 0x00, 0x00, 0x07, 0xFE, 0x77, 0xE8, 0xEB, 0x96, 0x08, 0x00, 0x22, 0xFF,
    0xC3, 0x1A, 0x21, 0xD1, 0x83, 0x00, 0x19, 0xFF, 0x4F, 0x00, 0x00, 0x63, 0xCC, 0x00, 0x00, 0xEB,
    0x4F, 0x00, 0x00, 0x64, 0xCA, 0x00, 0x00, 0x8A, 0xC4, 0x1A, 0x21, 0xD2, 0x7E, 0x00, 0x00, 0x07,
    0x9A, 0xF2, 0xE9, 0x90, 0x07, 0x00, 0x04, 0xFF, 0xFF, 0xFF, 0xFF, 0xFF, 0x90, 0x00, 0x00, 0x00,
    0x00, 0x00, 0x0B, 0xF4, 0x3D, 0x00, 0x00, 0x00, 0x00, 0x00, 0x60, 0xDD, 0x00, 0x00, 0x00, 0x00,
    0x00, 0x00, 0xBF, 0x7E, 0x00, 0x00, 0x00, 0x00, 0x00, 0x20, 0xFC, 0x20, 0x00, 0x00, 0x00, 0x00,
    0x00, 0x7E, 0xBE, 0x00, 0x00, 0x00, 0x00, 0x00, 0x00, 0xDC, 0x5F, 0x00, 0x00, 0x00, 0x00, 0x00,
    0x3D, 0xF3, 0x0B, 0x00, 0x00, 0x00, 0x00, 0x00, 0x9C, 0x9F, 0x00, 0x00, 0x00, 0x00, 0x00, 0x25,
    0xBB, 0xF3, 0xE7, 0x8C, 0x02, 0x00, 0x00, 0xC6, 0x9E, 0x0E, 0x29, 0xE1, 0x65, 0x00, 0x00, 0xF1,
    0x3E, 0x00, 0x00, 0x9B, 0x90, 0x00, 0x00, 0xA4, 0x9C, 0x0D, 0x27, 0xDD, 0x44, 0x00, 0x00, 0x1C,
    0xD8, 0xFF, 0xFF, 0x92, 0x00, 0x00, 0x05, 0xDB, 0x7D, 0x0C, 0x21, 0xC7, 0x7E, 0x00, 0x25, 0xFF,
    0x0C, 0x00, 0x00, 0x6C, 0xC4, 0x00, 0x07, 0xEE, 0x7B, 0x0B, 0x1F, 0xC6, 0x94, 0x00, 0x00, 0x3E,
    0xC8, 0xF5, 0xEB, 0xA1, 0x0F, 0x00, 0x00, 0x27, 0xBD, 0xF4, 0xDD, 0x56, 0x00, 0x00, 0x04, 0xD8,
    0x8E, 0x0E, 0x43, 0xF4, 0x2D, 0x00, 0x2B, 0xFE, 0x09, 0x00, 0x00, 0xAB, 0x8D, 0x00, 0x2D, 0xFD,
    0x09, 0x00, 0x00, 0xAB, 0xBB, 0x00, 0x05, 0xDF, 0x8B, 0x0D, 0x41, 0xF5, 0xC5, 0x00, 0x00, 0x30,
    0xC5, 0xF6, 0xC9, 0x9C, 0xA9, 0x00, 0x00, 0x00, 0x00, 0x00, 0x00, 0xC0, 0x72, 0x00, 0x00, 0x7D,
    0x2E, 0x13, 0x7A, 0xE6, 0x0B, 0x00, 0x00, 0x30, 0xCC, 0xF6, 0xBB, 0x29, 0x00, 0x00, 0x00, 0x98,
    0xA4, 0x00, 0x00, 0x98, 0xA4, 0x00, 0x00, 0x00, 0x00, 0x00, 0x00, 0x00, 0x00, 0x00, 0x00, 0x98,
    0xA4, 0x00, 0x00, 0x98, 0xA4, 0x00, 0x00, 0x98, 0xA4, 0x00, 0x00, 0x98, 0xA4, 0x00, 0x00, 0x00,
    0x00, 0x00, 0x00, 0x00, 0x00, 0x00, 0x00, 0x98, 0xA4, 0x00, 0x00, 0xB5, 0x6A, 0x00, 0x03, 0xD7,
    0x07, 0x00, 0x00, 0x00, 0x00, 0x00, 0x00, 0x01, 0x39, 0x90, 0xAD, 0x00, 0x00, 0x00, 0x00, 0x35,
    0x8C, 0xDF, 0xC1, 0x6D, 0x1A, 0x00, 0x00, 0x6C, 0xDB, 0xBF, 0x6B, 0x18, 0x00, 0x00, 0x00, 0x00,
    0x00, 0x6C, 0xDB, 0xBE, 0x6A, 0x18, 0x00, 0x00, 0x00, 0x00, 0x00, 0x00, 0x00, 0x36, 0x8D, 0xDF,
    0xC0, 0x6C, 0x19, 0x00, 0x00, 0x00, 0x00, 0x00, 0x00, 0x01, 0x3A, 0x91, 0xAD, 0x00, 0x00, 0x00,
    0x00, 0x00, 0x00, 0x00, 0x00, 0x00, 0x00, 0x00, 0x00, 0xBC, 0xFF, 0xFF, 0xFF, 0xFF, 0xFF, 0xFF,
    0xC8, 0x00, 0x00, 0x00, 0x00, 0x00, 0x00, 0x00, 0x00, 0x00, 0x00, 0x00, 0x00, 0xBC, 0xFF, 0xFF,
    0xFF, 0xFF, 0xFF, 0xFF, 0xC8, 0x00, 0x00, 0x00, 0x00, 0x00, 0x00, 0x00, 0x00, 0x00, 0x00, 0x00,
    0x00, 0x00, 0x00, 0x00, 0x00, 0x00, 0x00, 0x00, 0x00, 0x00, 0x00, 0xA4, 0x94, 0x3D, 0x01, 0x00,
    0x00, 0x00, 0x00, 0x00, 0x00, 0x17, 0x69, 0xBD, 0xE1, 0x90, 0x39, 0x01, 0x00, 0x00, 0x00, 0x00,
    0x00, 0x00, 0x15, 0x67, 0xBB, 0xDD, 0x74, 0x00, 0x00, 0x00, 0x00, 0x00, 0x15, 0x66, 0xBA, 0xDD,
    0x75, 0x00, 0x00, 0x16, 0x68, 0xBC, 0xE2, 0x91, 0x3A, 0x01, 0x00, 0x00, 0x00, 0xA4, 0x95, 0x3E,
    0x02, 0x00, 0x00, 0x00, 0x00, 0x00, 0x00, 0x00, 0x00, 0x00, 0x00, 0x00, 0x00, 0x00, 0x00, 0x00,
    0x01, 0x6E, 0xDC, 0xF1, 0xA2, 0x07, 0x22, 0x92, 0x16, 0x20, 0xDF, 0x6A, 0x00, 0x00, 0x00, 0x00,
    0xC8, 0x65, 0x00, 0x00, 0x02, 0x92, 0xBD, 0x07, 0x00, 0x00, 0x78, 0xB8, 0x05, 0x00, 0x00, 0x00,
    0xAA, 0x74, 0x00, 0x00, 0x00, 0x00, 0x00, 0x00, 0x00, 0x00, 0x00, 0x00, 0xB4, 0x7C, 0x00, 0x00,
    0x00, 0x00, 0xB4, 0x7C, 0x00, 0x00, 0x00, 0x00, 0x00, 0x45, 0xB5, 0xEE, 0xF6, 0xCE, 0x6E, 0x04,
    0x00, 0x00, 0x00, 0x00, 0x83, 0xD3, 0x59, 0x1A, 0x09, 0x34, 0xA2, 0xBF, 0x0A, 0x00, 0x00, 0x54,
    0xBF, 0x0A, 0x00, 0x00, 0x00, 0x00, 0x00, 0x82, 0x88, 0x00, 0x00, 0xD0, 0x1F, 0x00, 0x87, 0xEF,
    0xDA, 0x90, 0x80, 0x05, 0xDA, 0x01, 0x18, 0xC2, 0x00, 0x42, 0xD1, 0x1D, 0x1A, 0xC9, 0x80, 0x00,
    0xBA, 0x1C, 0x2E, 0xA6, 0x00, 0x6E, 0x82, 0x00, 0x00, 0x77, 0x80, 0x00, 0xD3, 0x06, 0x1A, 0xBF,
    0x00, 0x43, 0xCE, 0x1C, 0x19, 0xC9, 0x8A, 0x7E, 0x99, 0x00, 0x00, 0xD2, 0x1C, 0x00, 0x8A, 0xEF,
    0xD3, 0x8F, 0xDC, 0x84, 0x08, 0x00, 0x00, 0x5E, 0xBB, 0x07, 0x00, 0x00, 0x00, 0x00, 0x00, 0x00,
    0x00, 0x00, 0x00, 0x00, 0x8F, 0xCD, 0x4C, 0x0E, 0x12, 0x46, 0xC3, 0x2D, 0x00, 0x00, 0x00, 0x00,
    0x00, 0x50, 0xBF, 0xF2, 0xF0, 0xCB, 0x71, 0x0B, 0x00, 0x00, 0x00, 0x00, 0x00, 0xC0, 0xEF, 0x07,
    0x00, 0x00, 0x00, 0x00, 0x00, 0x20, 0xF7, 0xD8, 0x55, 0x00, 0x00, 0x00, 0x00, 0x00, 0x7E, 0xB0,
    0x79, 0xB4, 0x00, 0x00, 0x00, 0x00, 0x00, 0xDC, 0x59, 0x22, 0xFB, 0x17, 0x00, 0x00, 0x00, 0x3C,
    0xF6, 0x0C, 0x00, 0xCB, 0x71, 0x00, 0x00, 0x00, 0x9B, 0xAB, 0x00, 0x00, 0x74, 0xD0, 0x00, 0x00,
    0x09, 0xF1, 0xFF, 0xFF, 0xFF, 0xFF, 0xFF, 0x2F, 0x00, 0x59, 0xEA, 0x06, 0x00, 0x00, 0x00, 0xBA,
    0x8D, 0x00, 0xB8, 0x8A, 0x00, 0x00, 0x00, 0x00, 0x53, 0xE8, 0x04, 0x00, 0xD4, 0xFF, 0xFF, 0xF5,
    0xC1, 0x2D, 0x00, 0x00, 0xD4, 0x5C, 0x00, 0x0D, 0x93, 0xD1, 0x00, 0x00, 0xD4, 0x5C, 0x00, 0x00,
    0x36, 0xFA, 0x00, 0x00, 0xD4, 0x5C, 0x00, 0x0C, 0x91, 0xC1, 0x00, 0x00, 0xD4, 0xFF, 0xFF, 0xFF,
    0xED, 0x39, 0x00, 0x00, 0xD4, 0x5C, 0x00, 0x08, 0x56, 0xF1, 0x1B, 0x00, 0xD4, 0x5C, 0x00, 0x00,
    0x00, 0xE7, 0x58, 0x00, 0xD4, 0x5C, 0x00, 0x07, 0x53, 0xFC, 0x2F, 0x00, 0xD4, 0xFF, 0xFF, 0xF9,
    0xD6, 0x60, 0x00, 0x00, 0x00, 0x53, 0xC8, 0xF6, 0xE7, 0xAB, 0x27, 0x00, 0x66, 0xF1, 0x62, 0x17,
    0x15, 0x51, 0x93, 0x09, 0xEF, 0x64, 0x00, 0x00, 0x00, 0x00, 0x00, 0x3C, 0xFF, 0x0D, 0x00, 0x00,
    0x00, 0x00, 0x00, 0x4F, 0xF4, 0x00, 0x00, 0x00, 0x00, 0x00, 0x00, 0x3C, 0xFF, 0x0D, 0x00, 0x00,
    0x00, 0x00, 0x00, 0x09, 0xEF, 0x63, 0x00, 0x00, 0x00, 0x00, 0x00, 0x00, 0x67, 0xEF, 0x60, 0x15,
    0x15, 0x51, 0x93, 0x00, 0x00, 0x54, 0xC9, 0xF6, 0xE8, 0xAA, 0x27, 0x00, 0xD4, 0xFF, 0xFE, 0xF1,
    0xC8, 0x6E, 0x03, 0x00, 0x00, 0xD4, 0x5C, 0x00, 0x19, 0x52, 0xDE, 0xAA, 0x00, 0x00, 0xD4, 0x5C,
    0x00, 0x00, 0x00, 0x30, 0xFD, 0x35, 0x00, 0xD4, 0x5C, 0x00, 0x00, 0x00, 0x00, 0xDA, 0x72, 0x00,
    0xD4, 0x5C, 0x00, 0x00, 0x00, 0x00, 0xC0, 0x83, 0x00, 0xD4, 0x5C, 0x00, 0x00, 0x00, 0x00, 0xDB,
    0x71, 0x00, 0xD4, 0x5C, 0x00, 0x00, 0x00, 0x30, 0xFD, 0x33, 0x00, 0xD4, 0x5C, 0x00, 0x18, 0x52,
    0xDE, 0xA7, 0x00, 0x00, 0xD4, 0xFF, 0xFF, 0xF2, 0xC8, 0x6D, 0x03, 0x00, 0x00, 0xD4, 0xFF, 0xFF,
    0xFF, 0xFF, 0xB4, 0x00, 0x00, 0xD4, 0x5C, 0x00, 0x00, 0x00, 0x00, 0x00, 0x00, 0xD4, 0x5C, 0x00,
    0x00, 0x00, 0x00, 0x00, 0x00, 0xD4, 0x5C, 0x00, 0x00, 0x00, 0x00, 0x00, 0x00, 0xD4, 0xFF, 0xFF,
    0xFF, 0xFF, 0x88, 0x00, 0x00, 0xD4, 0x5C, 0x00, 0x00, 0x00, 0x00, 0x00, 0x00, 0xD4, 0x5C, 0x00,
    0x00, 0x00, 0x00, 0x00, 0x00, 0xD4, 0x5C, 0x00, 0x00, 0x00, 0x00, 0x00, 0x00, 0xD4, 0xFF, 0xFF,
    0xFF, 0xFF, 0xD0, 0x00, 0x00, 0xD4, 0xFF, 0xFF, 0xFF, 0xFF, 0x34, 0x00, 0xD4, 0x5C, 0x00, 0x00,
    0x00, 0x00, 0x00, 0xD4, 0x5C, 0x00, 0x00, 0x00, 0x00, 0x00, 0xD4, 0x5C, 0x00, 0x00, 0x00, 0x00,
    0x00, 0xD4, 0xFF, 0xFF, 0xFF, 0xD4, 0x00, 0x00, 0xD4, 0x5C, 0x00, 0x00, 0x00, 0x00, 0x00, 0xD4,
    0x5C, 0x00, 0x00, 0x00, 0x00, 0x00, 0xD4, 0x5C, 0x00, 0x00, 0x00, 0x00, 0x00, 0xD4, 0x5C, 0x00,
    0x00, 0x00, 0x00, 0x00, 0x00, 0x51, 0xC5, 0xF5, 0xED, 0xC1, 0x4F, 0x00, 0x00, 0x67, 0xF0, 0x64,
    0x1A, 0x0F, 0x3D, 0xAF, 0x17, 0x09, 0xEF, 0x62, 0x00, 0x00, 0x00, 0x00, 0x00, 0x00, 0x3C, 0xFF,
    0x0D, 0x00, 0x00, 0x00, 0x00, 0x00, 0x00, 0x50, 0xF4, 0x00, 0x00, 0x00, 0xCC, 0xFF, 0xFF, 0x50,
    0x3C, 0xFF, 0x0D, 0x00, 0x00, 0x00, 0x00, 0xDC, 0x50, 0x09, 0xEF, 0x60, 0x00, 0x00, 0x00, 0x00,
    0xDC, 0x50, 0x00, 0x67, 0xEE, 0x62, 0x19, 0x09, 0x39, 0xEC, 0x4F, 0x00, 0x00, 0x51, 0xC6, 0xF5,
    0xEF, 0xC8, 0x65, 0x05, 0x00, 0xD4, 0x5C, 0x00, 0x00, 0x00, 0x58, 0xD8, 0x00, 0x00, 0xD4, 0x5C,
    0x00, 0x00, 0x00, 0x58, 0xD8, 0x00, 0x00, 0xD4, 0x5C, 0x00, 0x00, 0x00, 0x58, 0xD8, 0x00, 0x00,
    0xD4, 0x5C, 0x00, 0x00, 0x00, 0x58, 0xD8, 0x00, 0x00, 0xD4, 0xFF, 0xFF, 0xFF, 0xFF, 0xFF, 0xD8,
    0x00, 0x00, 0xD4, 0x5C, 0x00, 0x00, 0x00, 0x58, 0xD8, 0x00, 0x00, 0xD4, 0x5C, 0x00, 0x00, 0x00,
    0x58, 0xD8, 0x00, 0x00, 0xD4, 0x5C, 0x00, 0x00, 0x00, 0x58, 0xD8, 0x00, 0x00, 0xD4, 0x5C, 0x00,
    0x00, 0x00, 0x58, 0xD8, 0x00, 0x00, 0xD4, 0x5C, 0x00, 0x00, 0xD4, 0x5C, 0x00, 0x00, 0xD4, 0x5C,
    0x00, 0x00, 0xD4, 0x5C, 0x00, 0x00, 0xD4, 0x5C, 0x00, 0x00, 0xD4, 0x5C, 0x00, 0x00, 0xD4, 0x5C,
    0x00, 0x00, 0xD4, 0x5C, 0x00, 0x00, 0xD4, 0x5C, 0x00, 0x00, 0x00, 0xD4, 0x5C, 0x00, 0x00, 0x00,
    0xD4, 0x5C, 0x00, 0x00, 0x00, 0xD4, 0x5C, 0x00, 0x00, 0x00, 0xD4, 0x5C, 0x00, 0x00, 0x00, 0xD4,
    0x5C, 0x00, 0x00, 0x00, 0xD4, 0x5C, 0x00, 0x00, 0x00, 0xD4, 0x5C, 0x00, 0x00, 0x00, 0xD4, 0x5C,
    0x00, 0x00, 0x00, 0xDE, 0x4D, 0x00, 0x01, 0x3D, 0xFB, 0x20, 0x00, 0x9F, 0xE5, 0x6F, 0x00, 0x00,
    0x00, 0xD4, 0x5C, 0x00, 0x00, 0x46, 0xF0, 0x51, 0x00, 0x00, 0xD4, 0x5C, 0x00, 0x4C, 0xF0, 0x4B,
    0x00, 0x00, 0x00, 0xD4, 0x5C, 0x52, 0xEF, 0x44, 0x00, 0x00, 0x00, 0x00, 0xD4, 0xAF, 0xEF, 0x3E,
    0x00, 0x00, 0x00, 0x00, 0x00, 0xD4, 0xF2, 0xC4, 0x07, 0x00, 0x00, 0x00, 0x00, 0x00, 0xD4, 0x69,
    0xC8, 0xB4, 0x05, 0x00, 0x00, 0x00, 0x00, 0xD4, 0x5C, 0x10, 0xCD, 0xAD, 0x04, 0x00, 0x00, 0x00,
    0xD4, 0x5C, 0x00, 0x13, 0xD2, 0xA7, 0x03, 0x00, 0x00, 0xD4, 0x5C, 0x00, 0x00, 0x16, 0xD6, 0xA1,
    0x02, 0x00, 0xD4, 0x5C, 0x00, 0x00, 0x00, 0x00, 0x00, 0xD4, 0x5C, 0x00, 0x00, 0x00, 0x00, 0x00,
    0xD4, 0x5C, 0x00, 0x00, 0x00, 0x00, 0x00, 0xD4, 0x5C, 0x00, 0x00, 0x00, 0x00, 0x00, 0xD4, 0x5C,
    0x00, 0x00, 0x00, 0x00, 0x00, 0xD4, 0x5C, 0x00, 0x00, 0x00, 0x00, 0x00, 0xD4, 0x5C, 0x00, 0x00,
    0x00, 0x00, 0x00, 0xD4, 0x5C, 0x00, 0x00, 0x00, 0x00, 0x00, 0xD4, 0xFF, 0xFF, 0xFF, 0xFF, 0xA0,
    0x00, 0xD4, 0xFE, 0x21, 0x00, 0x00, 0x00, 0xC5, 0xFF, 0x30, 0x00, 0xD4, 0xD5, 0x81, 0x00, 0x00,
    0x27, 0xDB, 0xF8, 0x30, 0x00, 0xD4, 0x76, 0xDF, 0x01, 0x00, 0x89, 0x7B, 0xF8, 0x30, 0x00, 0xD4,
    0x54, 0xC0, 0x43, 0x03, 0xE4, 0x1C, 0xF8, 0x30, 0x00, 0xD4, 0x54, 0x5F, 0xA4, 0x4C, 0xB8, 0x00,
    0xF8, 0x30, 0x00, 0xD4, 0x54, 0x0B, 0xE9, 0xBB, 0x56, 0x00, 0xF8, 0x30, 0x00, 0xD4, 0x54, 0x00,
    0x9D, 0xED, 0x07, 0x00, 0xF8, 0x30, 0x00, 0xD4, 0x54, 0x00, 0x00, 0x00, 0x00, 0x00, 0xF8, 0x30,
    0x00, 0xD4, 0x54, 0x00, 0x00, 0x00, 0x00, 0x00, 0xF8, 0x30, 0x00, 0xD4, 0xF2, 0x13, 0x00, 0x00,
    0x58, 0xCC, 0x00, 0x00, 0xD4, 0xED, 0x8A, 0x00, 0x00, 0x58, 0xCC, 0x00, 0x00, 0xD4, 0x7C, 0xF2,
    0x18, 0x00, 0x58, 0xCC, 0x00, 0x00, 0xD4, 0x54, 0xA1, 0x92, 0x00, 0x58, 0xCC, 0x00, 0x00, 0xD4,
    0x54, 0x22, 0xF3, 0x1D, 0x58, 0xCC, 0x00, 0x00, 0xD4, 0x54, 0x00, 0x99, 0x9B, 0x58, 0xCC, 0x00,
    0x00, 0xD4, 0x54, 0x00, 0x1D, 0xF4, 0x7B, 0xCC, 0x00, 0x00, 0xD4, 0x54, 0x00, 0x00, 0x92, 0xED,
    0xCC, 0x00, 0x00, 0xD4, 0x54, 0x00, 0x00, 0x18, 0xF5, 0xCC, 0x00, 0x00, 0x00, 0x5B, 0xD1, 0xF8,
    0xE9, 0x99, 0x12, 0x00, 0x00, 0x6A, 0xEF, 0x58, 0x0F, 0x29, 0xB7, 0xCE, 0x07, 0x09, 0xEF, 0x62,
    0x00, 0x00, 0x00, 0x0A, 0xE7, 0x66, 0x3C, 0xFF, 0x0D, 0x00, 0x00, 0x00, 0x00, 0x99, 0xAB, 0x50,
    0xF4, 0x00, 0x00, 0x00, 0x00, 0x00, 0x80, 0xBF, 0x3D, 0xFF, 0x0D, 0x00, 0x00, 0x00, 0x00, 0x99,
    0xAB, 0x09, 0xF0, 0x62, 0x00, 0x00, 0x00, 0x0A, 0xE7, 0x67, 0x00, 0x6D, 0xEF, 0x57, 0x0F, 0x28,
    0xB7, 0xD1, 0x08, 0x00, 0x00, 0x5E, 0xD2, 0xF9, 0xEA, 0x9B, 0x13, 0x00, 0x00, 0xD4, 0xFF, 0xFF,
    0xEB, 0xA5, 0x12, 0x00, 0xD4, 0x5C, 0x00, 0x1F, 0xCA, 0x99, 0x00, 0xD4, 0x5C, 0x00, 0x00, 0x77,
    0xC8, 0x00, 0xD4, 0x5C, 0x00, 0x1F, 0xCA, 0x9A, 0x00, 0xD4, 0xFF, 0xFF, 0xEC, 0xA8, 0x13, 0x00,
    0xD4, 0x5C, 0x00, 0x00, 0x00, 0x00, 0x00, 0xD4, 0x5C, 0x00, 0x00, 0x00, 0x00, 0x00, 0xD4, 0x5C,
    0x00, 0x00, 0x00, 0x00, 0x00, 0xD4, 0x5C, 0x00, 0x00, 0x00, 0x00, 0x00, 0x00, 0x5B, 0xD1, 0xF8,
    0xE9, 0x9A, 0x13, 0x00, 0x00, 0x6A, 0xEF, 0x58, 0x0F, 0x29, 0xB7, 0xD1, 0x08, 0x09, 0xEF, 0x62,
    0x00, 0x00, 0x00, 0x0A, 0xE7, 0x68, 0x3C, 0xFF, 0x0D, 0x00, 0x00, 0x00, 0x00, 0x99, 0xAB, 0x50,
    0xF4, 0x00, 0x00, 0x00, 0x00, 0x00, 0x80, 0xBE, 0x3C, 0xFF, 0x0D, 0x00, 0x00, 0x00, 0x00, 0x99,
    0xA7, 0x09, 0xF0, 0x62, 0x00, 0x00, 0x00, 0x0A, 0xE7, 0x60, 0x00, 0x6C, 0xEF, 0x57, 0x0F, 0x28,
    0xB7, 0xC9, 0x07, 0x00, 0x00, 0x5D, 0xD2, 0xFA, 0xFF, 0xB6, 0x0E, 0x00, 0x00, 0x00, 0x00, 0x00,
    0x00, 0x76, 0xE3, 0x0F, 0x00, 0x00, 0x00, 0x00, 0x00, 0x00, 0x03, 0xCB, 0x9E, 0x00, 0x00, 0xD4,
    0xFF, 0xFF, 0xEB, 0xA9, 0x15, 0x00, 0x00, 0xD4, 0x5C, 0x00, 0x1D, 0xC6, 0x9D, 0x00, 0x00, 0xD4,
    0x5C, 0x00, 0x00, 0x77, 0xCA, 0x00, 0x00, 0xD4, 0x5C, 0x00, 0x1C, 0xC7, 0x95, 0x00, 0x00, 0xD4,
    0xFF, 0xFF, 0xFF, 0xC0, 0x09, 0x00, 0x00, 0xD4, 0x5C, 0x01, 0x37, 0xEC, 0x48, 0x00, 0x00, 0xD4,
    0x5C, 0x00, 0x00, 0x71, 0xD4, 0x01, 0x00, 0xD4, 0x5C, 0x00, 0x00, 0x0B, 0xED, 0x4D, 0x00, 0xD4,
    0x5C, 0x00, 0x00, 0x00, 0x83, 0xC4, 0x00, 0x35, 0xC0, 0xF2, 0xDE, 0x85, 0x0C, 0x00, 0x07, 0xEA,
    0x7D, 0x0F, 0x1C, 0x76, 0x5E, 0x00, 0x28, 0xFF, 0x07, 0x00, 0x00, 0x00, 0x00, 0x00, 0x09, 0xE8,
    0x8E, 0x27, 0x01, 0x00, 0x00, 0x00, 0x00, 0x28, 0xA6, 0xEA, 0xED, 0x9A, 0x13, 0x00, 0x00, 0x00,
    0x00, 0x00, 0x24, 0xBE, 0xB0, 0x00, 0x00, 0x00, 0x00, 0x00, 0x00, 0x54, 0xE8, 0x00, 0x29, 0xA3,
    0x35, 0x0A, 0x23, 0xBD, 0xB4, 0x00, 0x02, 0x59, 0xC7, 0xF5, 0xE7, 0xA4, 0x18, 0x00, 0x08, 0xFF,
    0xFF, 0xFF, 0xFF, 0xFF, 0xFF, 0xFF, 0x5C, 0x00, 0x00, 0x00, 0x00, 0xEC, 0x44, 0x00, 0x00, 0x00,
    0x00, 0x00, 0x00, 0x00, 0xEC, 0x44, 0x00, 0x00, 0x00, 0x00, 0x00, 0x00, 0x00, 0xEC, 0x44, 0x00,
    0x00, 0x00, 0x00, 0x00, 0x00, 0x00, 0xEC, 0x44, 0x00, 0x00, 0x00, 0x00, 0x00, 0x00, 0x00, 0xEC,
    0x44, 0x00, 0x00, 0x00, 0x00, 0x00, 0x00, 0x00, 0xEC, 0x44, 0x00, 0x00, 0x00, 0x00, 0x00, 0x00,
    0x00, 0xEC, 0x44, 0x00, 0x00, 0x00, 0x00, 0x00, 0x00, 0x00, 0xEC, 0x44, 0x00, 0x00, 0x00, 0x00,
    0xF4, 0x3C, 0x00, 0x00, 0x00, 0x74, 0xBC, 0x00, 0x00, 0xF4, 0x3C, 0x00, 0x00, 0x00, 0x74, 0xBC,
    0x00, 0x00, 0xF4, 0x3C, 0x00, 0x00, 0x00, 0x74, 0xBC, 0x00, 0x00, 0xF4, 0x3C, 0x00, 0x00, 0x00,
    0x74, 0xBC, 0x00, 0x00, 0xF4, 0x3C, 0x00, 0x00, 0x00, 0x74, 0xBC, 0x00, 0x00, 0xEF, 0x41, 0x00,
    0x00, 0x00, 0x79, 0xB7, 0x00, 0x00, 0xD0, 0x63, 0x00, 0x00, 0x00, 0x9C, 0x97, 0x00, 0x00, 0x76,
    0xD7, 0x2F, 0x0A, 0x48, 0xF4, 0x3E, 0x00, 0x00, 0x04, 0x7F, 0xDD, 0xF6, 0xD3, 0x5A, 0x00, 0x00,
    0xB9, 0x82, 0x00, 0x00, 0x00, 0x00, 0x4F, 0xE8, 0x04, 0x59, 0xDF, 0x01, 0x00, 0x00, 0x00, 0xAC,
    0x8D, 0x00, 0x09, 0xF1, 0x3E, 0x00, 0x00, 0x11, 0xF8, 0x2F, 0x00, 0x00, 0x9B, 0x9C, 0x00, 0x00,
    0x67, 0xD0, 0x00, 0x00, 0x00, 0x3C, 0xF1, 0x09, 0x00, 0xC5, 0x71, 0x00, 0x00, 0x00, 0x00, 0xDC,
    0x58, 0x22, 0xFA, 0x17, 0x00, 0x00, 0x00, 0x00, 0x7E, 0xB6, 0x7F, 0xB4, 0x00, 0x00, 0x00, 0x00,
    0x00, 0x20, 0xFA, 0xE4, 0x55, 0x00, 0x00, 0x00, 0x00, 0x00, 0x00, 0xC0, 0xEF, 0x07, 0x00, 0x00,
    0x00, 0x79, 0xB6, 0x00, 0x00, 0x00, 0xDB, 0xB6, 0x00, 0x00, 0x00, 0xDB, 0x58, 0x3B, 0xF1, 0x03,
    0x00, 0x18, 0xE0, 0xE8, 0x03, 0x00, 0x18, 0xFF, 0x1A, 0x06, 0xF6, 0x33, 0x00, 0x56, 0x9F, 0xC1,
    0x33, 0x00, 0x56, 0xDC, 0x00, 0x00, 0xBF, 0x71, 0x00, 0x94, 0x62, 0x85, 0x71, 0x00, 0x94, 0x9E,
    0x00, 0x00, 0x80, 0xAF, 0x00, 0xD1, 0x25, 0x48, 0xAF, 0x00, 0xD1, 0x5F, 0x00, 0x00, 0x42, 0xEB,
    0x11, 0xE6, 0x00, 0x0E, 0xE9, 0x11, 0xFD, 0x21, 0x00, 0x00, 0x09, 0xFA, 0x77, 0xAB, 0x00, 0x00,
    0xCF, 0x77, 0xE3, 0x00, 0x00, 0x00, 0x00, 0xC6, 0xE9, 0x6E, 0x00, 0x00, 0x93, 0xE9, 0xA5, 0x00,
    0x00, 0x00, 0x00, 0x87, 0xFF, 0x32, 0x00, 0x00, 0x56, 0xFF, 0x67, 0x00, 0x00, 0x0C, 0xE1, 0x56,
    0x00, 0x00, 0x0E, 0xE2, 0x52, 0x00, 0x48, 0xE9, 0x13, 0x00, 0x9D, 0xA7, 0x00, 0x00, 0x00, 0xA3,
    0xA4, 0x49, 0xE8, 0x13, 0x00, 0x00, 0x00, 0x13, 0xE9, 0xEF, 0x51, 0x00, 0x00, 0x00, 0x00, 0x00,
    0xAF, 0xEF, 0x0D, 0x00, 0x00, 0x00, 0x00, 0x4D, 0xE8, 0xB8, 0x95, 0x00, 0x00, 0x00, 0x11, 0xE6,
    0x51, 0x19, 0xEE, 0x3C, 0x00, 0x00, 0xA3, 0xA5, 0x00, 0x00, 0x64, 0xD8, 0x07, 0x4E, 0xE7, 0x12,
    0x00, 0x00, 0x00, 0xBD, 0x85, 0x00, 0xB4, 0x93, 0x00, 0x00, 0x00, 0x40, 0xED, 0x19, 0x00, 0x1B,
    0xEE, 0x3C, 0x00, 0x09, 0xDC, 0x60, 0x00, 0x00, 0x00, 0x62, 0xD9, 0x08, 0x8C, 0xB7, 0x00, 0x00,
    0x00, 0x00, 0x00, 0xB9, 0xB0, 0xEF, 0x1E, 0x00, 0x00, 0x00, 0x00, 0x00, 0x1E, 0xF9, 0x6F, 0x00,
    0x00, 0x00, 0x00, 0x00, 0x00, 0x00, 0xEC, 0x44, 0x00, 0x00, 0x00, 0x00, 0x00, 0x00, 0x00, 0xEC,
    0x44, 0x00, 0x00, 0x00, 0x00, 0x00, 0x00, 0x00, 0xEC, 0x44, 0x00, 0x00, 0x00, 0x00, 0x00, 0x00,
    0x00, 0xEC, 0x44, 0x00, 0x00, 0x00, 0x54, 0xFF, 0xFF, 0xFF, 0xFF, 0xFF, 0xFF, 0x8B, 0x00, 0x00,
    0x00, 0x00, 0x00, 0x51, 0xF1, 0x28, 0x00, 0x00, 0x00, 0x00, 0x26, 0xF1, 0x53, 0x00, 0x00, 0x00,
    0x00, 0x0C, 0xD5, 0x89, 0x00, 0x00, 0x00, 0x00, 0x00, 0xA9, 0xBE, 0x03, 0x00, 0x00, 0x00, 0x00,
    0x72, 0xE3, 0x15, 0x00, 0x00, 0x00, 0x00, 0x3E, 0xF5, 0x37, 0x00, 0x00, 0x00, 0x00, 0x1A, 0xE8,
    0x68, 0x00, 0x00, 0x00, 0x00, 0x00, 0x73, 0xFF, 0xFF, 0xFF, 0xFF, 0xFF, 0xFF, 0xB0, 0x00, 0xF8,
    0xFF, 0x84, 0x00, 0x00, 0xF8, 0x1C, 0x00, 0x00, 0x00, 0xF8, 0x1C, 0x00, 0x00, 0x00, 0xF8, 0x1C,
    0x00, 0x00, 0x00, 0xF8, 0x1C, 0x00, 0x00, 0x00, 0xF8, 0x1C, 0x00, 0x00, 0x00, 0xF8, 0x1C, 0x00,
    0x00, 0x00, 0xF8, 0x1C, 0x00, 0x00, 0x00, 0xF8, 0x1C, 0x00, 0x00, 0x00, 0xF8, 0x1C, 0x00, 0x00,
    0x00, 0xF8, 0xFF, 0x84, 0x00, 0xD9, 0x26, 0x00, 0x00, 0x00, 0x8C, 0x74, 0x00, 0x00, 0x00, 0x3E,
    0xC2, 0x00, 0x00, 0x00, 0x03, 0xE9, 0x13, 0x00, 0x00, 0x00, 0xA2, 0x5E, 0x00, 0x00, 0x00, 0x54,
    0xAC, 0x00, 0x00, 0x00, 0x0C, 0xEC, 0x07, 0x00, 0x00, 0x00, 0xB8, 0x48, 0x00, 0x00, 0x00, 0x6A,
    0x96, 0x00, 0x00, 0x00, 0x1C, 0xE2, 0x00, 0x00, 0xD4, 0xFF, 0xA8, 0x00, 0x00, 0x00, 0x70, 0xA8,
    0x00, 0x00, 0x00, 0x70, 0xA8, 0x00, 0x00, 0x00, 0x70, 0xA8, 0x00, 0x00, 0x00, 0x70, 0xA8, 0x00,
    0x00, 0x00, 0x70, 0xA8, 0x00, 0x00, 0x00, 0x70, 0xA8, 0x00, 0x00, 0x00, 0x70, 0xA8, 0x00, 0x00,
    0x00, 0x70, 0xA8, 0x00, 0x00, 0x00, 0x70, 0xA8, 0x00, 0x00, 0xD4, 0xFF, 0xA8, 0x00, 0x00, 0x00,
    0x00, 0x2C, 0xE5, 0xE8, 0x33, 0x00, 0x00, 0x00, 0x00, 0x00, 0x36, 0xE1, 0x51, 0x46, 0xE1, 0x3D,
    0x00, 0x00, 0x00, 0x40, 0xD3, 0x2E, 0x00, 0x00, 0x26, 0xCF, 0x49, 0x00, 0x00, 0x00, 0x00, 0x00,
    0x00, 0x00, 0x00, 0x00, 0x00, 0x00, 0x00, 0x00, 0x00, 0x00, 0x00, 0x00, 0x00, 0x00, 0x00, 0x00,
    0x00, 0x00, 0x00, 0x00, 0x00, 0x00, 0x00, 0x00, 0x00, 0x00, 0x00, 0x00, 0x00, 0x00, 0x00, 0x00,
    0x00, 0x00, 0x00, 0x00, 0x00, 0x00, 0x00, 0x00, 0x00, 0x00, 0x00, 0x00, 0x00, 0x00, 0x00, 0x00,
    0x00, 0x00, 0x00, 0x00, 0x00, 0x00, 0x00, 0x00, 0x00, 0x00, 0x00, 0x00, 0x00, 0x00, 0x00, 0x00,
    0x00, 0x00, 0x00, 0x00, 0x00, 0x00, 0x00, 0x00, 0x20, 0xFF, 0xFF, 0xFF, 0xFF, 0xFF, 0xFF, 0x20,
    0x00, 0x86, 0x90, 0x00, 0x00, 0x00, 0x00, 0x00, 0x91, 0x62, 0x00, 0x00, 0x00, 0x00, 0x00, 0x00,
    0x00, 0x00, 0x00, 0x00, 0x00, 0x00, 0x00, 0x00, 0x00, 0x00, 0x00, 0x00, 0x00, 0x00, 0x00, 0x00,
    0x00, 0x00, 0x00, 0x00, 0x00, 0x00, 0x00, 0x00, 0x00, 0x00, 0x00, 0x00, 0x00, 0x00, 0x00, 0x00,
    0x00, 0x00, 0x00, 0x00, 0x00, 0x00, 0x00, 0x00, 0x00, 0x00, 0x00, 0x00, 0x00, 0xCC, 0xFF, 0xF8,
    0xC9, 0x32, 0x00, 0x00, 0x00, 0x00, 0x09, 0x69, 0xDB, 0x03, 0x00, 0x00, 0x00, 0x00, 0x00, 0xDE,
    0x27, 0x00, 0x69, 0xDA, 0xF9, 0xFF, 0xFF, 0x40, 0x27, 0xEF, 0x36, 0x08, 0x00, 0xDF, 0x44, 0x32,
    0xEC, 0x26, 0x0C, 0x74, 0xFF, 0x44, 0x00, 0x8C, 0xF0, 0xE6, 0x97, 0xD4, 0x44, 0x00, 0xE8, 0x2C,
    0x00, 0x00, 0x00, 0x00, 0x00, 0x00, 0xE8, 0x2C, 0x00, 0x00, 0x00, 0x00, 0x00, 0x00, 0xE8, 0x2C,
    0x00, 0x00, 0x00, 0x00, 0x00, 0x00, 0xE8, 0x78, 0xD7, 0xEE, 0x99, 0x06, 0x00, 0x00, 0xE8, 0xCF,
    0x21, 0x20, 0xCF, 0x7C, 0x00, 0x00, 0xE8, 0x52, 0x00, 0x00, 0x50, 0xD5, 0x00, 0x00, 0xE8, 0x33,
    0x00, 0x00, 0x30, 0xEF, 0x00, 0x00, 0xE8, 0x52, 0x00, 0x00, 0x50, 0xD5, 0x00, 0x00, 0xE8, 0xCD,
    0x20, 0x1F, 0xCD, 0x7E, 0x00, 0x00, 0xE8, 0x79, 0xD8, 0xEF, 0x9B, 0x07, 0x00, 0x00, 0x1A, 0xA9,
    0xEB, 0xDC, 0x4C, 0x00, 0x02, 0xCB, 0x9D, 0x17, 0x22, 0x8F, 0x00, 0x31, 0xF1, 0x07, 0x00, 0x00,
    0x00, 0x00, 0x4E, 0xD4, 0x00, 0x00, 0x00, 0x00, 0x00, 0x31, 0xF1, 0x07, 0x00, 0x00, 0x00, 0x00,
    0x01, 0xCB, 0x9D, 0x17, 0x21, 0x8F, 0x00, 0x00, 0x1B, 0xAD, 0xED, 0xDA, 0x4B, 0x00, 0x00, 0x00,
    0x00, 0x00, 0x00, 0x8C, 0x88, 0x00, 0x00, 0x00, 0x00, 0x00, 0x00, 0x8C, 0x88, 0x00, 0x00, 0x00,
    0x00, 0x00, 0x00, 0x8C, 0x88, 0x00, 0x00, 0x2A, 0xC9, 0xF1, 0xB6, 0xA2, 0x88, 0x00, 0x03, 0xD9,
    0x82, 0x0E, 0x53, 0xFC, 0x88, 0x00, 0x36, 0xEB, 0x03, 0x00, 0x00, 0xB4, 0x88, 0x00, 0x50, 0xCF,
    0x00, 0x00, 0x00, 0x94, 0x88, 0x00, 0x36, 0xEA, 0x03, 0x00, 0x00, 0xB4, 0x88, 0x00, 0x03, 0xDB,
    0x80, 0x0E, 0x50, 0xFC, 0x88, 0x00, 0x00, 0x2C, 0xCA, 0xF1, 0xB6, 0xA2, 0x88, 0x00, 0x00, 0x17,
    0xAA, 0xED, 0xE1, 0x71, 0x00, 0x01, 0xC6, 0x93, 0x11, 0x28, 0xDA, 0x4B, 0x2F, 0xEF, 0x03, 0x00,
    0x00, 0x6A, 0xA0, 0x4E, 0xFF, 0xFC, 0xFD, 0xFE, 0xFF, 0xBD, 0x31, 0xE5, 0x01, 0x00, 0x00, 0x00,
    0x00, 0x02, 0xC7, 0x8E, 0x16, 0x14, 0x62, 0x6B, 0x00, 0x17, 0xA4, 0xE9, 0xE9, 0x9C, 0x14, 0x00,
    0x21, 0xCB, 0xFC, 0x74, 0x00, 0x8E, 0x94, 0x03, 0x00, 0x00, 0xAD, 0x64, 0x00, 0x00, 0xB8, 0xFF,
    0xFF, 0xFF, 0x2C, 0x00, 0xB0, 0x64, 0x00, 0x00, 0x00, 0xB0, 0x64, 0x00, 0x00, 0x00, 0xB0, 0x64,
    0x00, 0x00, 0x00, 0xB0, 0x64, 0x00, 0x00, 0x00, 0xB0, 0x64, 0x00, 0x00, 0x00, 0xB0, 0x64, 0x00,
    0x00, 0x00, 0x2C, 0xCA, 0xF1, 0xB6, 0xA2, 0x88, 0x00, 0x03, 0xDB, 0x7F, 0x0E, 0x4F, 0xFB, 0x88,
    0x00, 0x36, 0xEA, 0x03, 0x00, 0x00, 0xB2, 0x88, 0x00, 0x50, 0xCF, 0x00, 0x00, 0x00, 0x93, 0x88,
    0x00, 0x37, 0xEA, 0x03, 0x00, 0x00, 0xB2, 0x88, 0x00, 0x04, 0xDC, 0x7F, 0x0E, 0x4E, 0xFB, 0x88,
    0x00, 0x00, 0x2F, 0xCB, 0xF1, 0xB6, 0xA9, 0x82, 0x00, 0x00, 0x00, 0x00, 0x00, 0x00, 0xBA, 0x65,
    0x00, 0x00, 0x67, 0x3C, 0x0D, 0x60, 0xF6, 0x1B, 0x00, 0x00, 0x24, 0xBE, 0xF3, 0xD1, 0x45, 0x00,
    0x00, 0x00, 0xE8, 0x2C, 0x00, 0x00, 0x00, 0x00, 0x00, 0x00, 0xE8, 0x2C, 0x00, 0x00, 0x00, 0x00,
    0x00, 0x00, 0xE8, 0x2C, 0x00, 0x00, 0x00, 0x00, 0x00, 0x00, 0xE8, 0x74, 0xD5, 0xF2, 0xA8, 0x07,
    0x00, 0x00, 0xE8, 0xBE, 0x1D, 0x1A, 0xD5, 0x63, 0x00, 0x00, 0xE8, 0x40, 0x00, 0x00, 0x85, 0x8F,
    0x00, 0x00, 0xE8, 0x2C, 0x00, 0x00, 0x7C, 0x98, 0x00, 0x00, 0xE8, 0x2C, 0x00, 0x00, 0x7C, 0x98,
    0x00, 0x00, 0xE8, 0x2C, 0x00, 0x00, 0x7C, 0x98, 0x00, 0x00, 0xE8, 0x2C, 0x00, 0x00, 0x7C, 0x98,
    0x00, 0x00, 0xE0, 0x34, 0x00, 0x00, 0x00, 0x00, 0xE0, 0x34, 0x00, 0xE0, 0x34, 0x00, 0xE0, 0x34,
    0x00, 0xE0, 0x34, 0x00, 0xE0, 0x34, 0x00, 0xE0, 0x34, 0x00, 0xE0, 0x34, 0x00, 0x00, 0xE0, 0x34,
    0x00, 0x00, 0x00, 0x00, 0x00, 0x00, 0xE0, 0x34, 0x00, 0x00, 0xE0, 0x34, 0x00, 0x00, 0xE0, 0x34,
    0x00, 0x00, 0xE0, 0x34, 0x00, 0x00, 0xE0, 0x34, 0x00, 0x00, 0xE0, 0x34, 0x00, 0x00, 0xE0, 0x34,
    0x00, 0x00, 0xE3, 0x2E, 0x00, 0x1F, 0xF6, 0x12, 0x38, 0xF2, 0x80, 0x00, 0x00, 0xE8, 0x2C, 0x00,
    0x00, 0x00, 0x00, 0x00, 0xE8, 0x2C, 0x00, 0x00, 0x00, 0x00, 0x00, 0xE8, 0x2C, 0x00, 0x00, 0x00,
    0x00, 0x00, 0xE8, 0x2C, 0x00, 0x37, 0xE3, 0x46, 0x00, 0xE8, 0x2C, 0x42, 0xE4, 0x3B, 0x00, 0x00,
    0xE8, 0x7A, 0xE2, 0x31, 0x00, 0x00, 0x00, 0xE8, 0xE9, 0x93, 0x00, 0x00, 0x00, 0x00, 0xE8, 0x42,
    0xD6, 0x79, 0x00, 0x00, 0x00, 0xE8, 0x2C, 0x19, 0xDA, 0x73, 0x00, 0x00, 0xE8, 0x2C, 0x00, 0x1C,
    0xDC, 0x6F, 0x00, 0xE0, 0x34, 0x00, 0xE0, 0x34, 0x00, 0xE0, 0x34, 0x00, 0xE0, 0x34, 0x00, 0xE0,
    0x34, 0x00, 0xE0, 0x34, 0x00, 0xE0, 0x34, 0x00, 0xE0, 0x34, 0x00, 0xE0, 0x34, 0x00, 0xE0, 0x34,
    0x00, 0xE8, 0x81, 0xD6, 0xF5, 0x9C, 0x2D, 0xC9, 0xF6, 0xB6, 0x0E, 0x00, 0x00, 0xE8, 0xBD, 0x19,
    0x26, 0xEC, 0xD7, 0x30, 0x11, 0xC2, 0x75, 0x00, 0x00, 0xE8, 0x40, 0x00, 0x00, 0xB0, 0x7F, 0x00,
    0x00, 0x70, 0xA3, 0x00, 0x00, 0xE8, 0x2C, 0x00, 0x00, 0xA8, 0x6C, 0x00, 0x00, 0x68, 0xAC, 0x00,
    0x00, 0xE8, 0x2C, 0x00, 0x00, 0xA8, 0x6C, 0x00, 0x00, 0x68, 0xAC, 0x00, 0x00, 0xE8, 0x2C, 0x00,
    0x00, 0xA8, 0x6C, 0x00, 0x00, 0x68, 0xAC, 0x00, 0x00, 0xE8, 0x2C, 0x00, 0x00, 0xA8, 0x6C, 0x00,
    0x00, 0x68, 0xAC, 0x00, 0x00, 0xE8, 0x74, 0xD5, 0xF2, 0xA8, 0x07, 0x00, 0x00, 0xE8, 0xBE, 0x1D,
    0x1A, 0xD5, 0x63, 0x00, 0x00, 0xE8, 0x40, 0x00, 0x00, 0x85, 0x8F, 0x00, 0x00, 0xE8, 0x2C, 0x00,
    0x00, 0x7C, 0x98, 0x00, 0x00, 0xE8, 0x2C, 0x00, 0x00, 0x7C, 0x98, 0x00, 0x00, 0xE8, 0x2C, 0x00,
    0x00, 0x7C, 0x98, 0x00, 0x00, 0xE8, 0x2C, 0x00, 0x00, 0x7C, 0x98, 0x00, 0x00, 0x24, 0xBB, 0xF2,
    0xD7, 0x56, 0x00, 0x03, 0xD6, 0x8A, 0x0F, 0x48, 0xF4, 0x31, 0x35, 0xEF, 0x05, 0x00, 0x00, 0x9E,
    0x8C, 0x4F, 0xD3, 0x00, 0x00, 0x00, 0x7C, 0xA7, 0x35, 0xEF, 0x05, 0x00, 0x00, 0x9E, 0x8C, 0x03,
    0xD7, 0x89, 0x0F, 0x47, 0xF5, 0x32, 0x00, 0x26, 0xBD, 0xF3, 0xD8, 0x59, 0x00, 0x00, 0xE8, 0x78,
    0xD7, 0xEE, 0x99, 0x06, 0x00, 0x00, 0xE8, 0xCF, 0x21, 0x20, 0xCF, 0x7C, 0x00, 0x00, 0xE8, 0x52,
    0x00, 0x00, 0x50, 0xD5, 0x00, 0x00, 0xE8, 0x33, 0x00, 0x00, 0x30, 0xEF, 0x00, 0x00, 0xE8, 0x52,
    0x00, 0x00, 0x50, 0xD5, 0x00, 0x00, 0xE8, 0xCD, 0x20, 0x1F, 0xCD, 0x7E, 0x00, 0x00, 0xE8, 0x79,
    0xD8, 0xEF, 0x9B, 0x07, 0x00, 0x00, 0xE8, 0x2C, 0x00, 0x00, 0x00, 0x00, 0x00, 0x00, 0xE8, 0x2C,
    0x00, 0x00, 0x00, 0x00, 0x00, 0x00, 0xE8, 0x2C, 0x00, 0x00, 0x00, 0x00, 0x00, 0x00, 0x2A, 0xC9,
    0xF1, 0xB6, 0xA2, 0x88, 0x00, 0x03, 0xD9, 0x82, 0x0E, 0x53, 0xFC, 0x88, 0x00, 0x36, 0xEB, 0x03,
    0x00, 0x00, 0xB4, 0x88, 0x00, 0x50, 0xCF, 0x00, 0x00, 0x00, 0x94, 0x88, 0x00, 0x36, 0xEA, 0x03,
    0x00, 0x00, 0xB4, 0x88, 0x00, 0x03, 0xDB, 0x80, 0x0E, 0x50, 0xFC, 0x88, 0x00, 0x00, 0x2C, 0xCA,
    0xF1, 0xB6, 0xA2, 0x88, 0x00, 0x00, 0x00, 0x00, 0x00, 0x00, 0x8C, 0x88, 0x00, 0x00, 0x00, 0x00,
    0x00, 0x00, 0x8C, 0x88, 0x00, 0x00, 0x00, 0x00, 0x00, 0x00, 0x8C, 0x88, 0x00, 0x00, 0xE8, 0x75,
    0xD4, 0xEC, 0x00, 0xE8, 0xC6, 0x1F, 0x00, 0x00, 0xE8, 0x48, 0x00, 0x00, 0x00, 0xE8, 0x2D, 0x00,
    0x00, 0x00, 0xE8, 0x2C, 0x00, 0x00, 0x00, 0xE8, 0x2C, 0x00, 0x00, 0x00, 0xE8, 0x2C, 0x00, 0x00,
    0x00, 0x80, 0xE8, 0xED, 0x98, 0x09, 0x33, 0xE6, 0x25, 0x0F, 0x65, 0x46, 0x2E, 0xDF, 0x18, 0x00,
    0x00, 0x00, 0x00, 0x5E, 0xC1, 0xC5, 0x7C, 0x0A, 0x00, 0x00, 0x00, 0x0C, 0xAC, 0x87, 0x4E, 0x77,
    0x1A, 0x10, 0xAD, 0x91, 0x09, 0x85, 0xE5, 0xF0, 0xAE, 0x14, 0x00, 0xE4, 0x34, 0x00, 0x00, 0x00,
    0xE4, 0x34, 0x00, 0x00, 0xAC, 0xFF, 0xFF, 0xFF, 0x6C, 0x00, 0xE4, 0x34, 0x00, 0x00, 0x00, 0xE4,
    0x34, 0x00, 0x00, 0x00, 0xE4, 0x34, 0x00, 0x00, 0x00, 0xE2, 0x34, 0x00, 0x00, 0x00, 0xCC, 0x61,
    0x01, 0x00, 0x00, 0x52, 0xE4, 0xFE, 0x6C, 0x00, 0xFC, 0x18, 0x00, 0x00, 0x90, 0x84, 0x00, 0x00,
    0xFC, 0x18, 0x00, 0x00, 0x90, 0x84, 0x00, 0x00, 0xFC, 0x18, 0x00, 0x00, 0x90, 0x84, 0x00, 0x00,
    0xFC, 0x18, 0x00, 0x00, 0x90, 0x84, 0x00, 0x00, 0xF4, 0x20, 0x00, 0x00, 0xA4, 0x84, 0x00, 0x00,
    0xC7, 0x82, 0x0A, 0x47, 0xF6, 0x84, 0x00, 0x00, 0x35, 0xD4, 0xF1, 0xAF, 0xA3, 0x84, 0x00, 0x78,
    0xAC, 0x00, 0x00, 0x00, 0x91, 0x92, 0x1F, 0xF6, 0x0E, 0x00, 0x03, 0xE7, 0x38, 0x00, 0xC4, 0x5E,
    0x00, 0x45, 0xDD, 0x00, 0x00, 0x6A, 0xB7, 0x00, 0x9F, 0x83, 0x00, 0x00, 0x15, 0xF7, 0x1C, 0xF0,
    0x29, 0x00, 0x00, 0x00, 0xB7, 0xBB, 0xCF, 0x00, 0x00, 0x00, 0x00, 0x5D, 0xFF, 0x75, 0x00, 0x00,
    0x61, 0xB3, 0x00, 0x00, 0xDC, 0xAA, 0x00, 0x00, 0xE3, 0x30, 0x22, 0xF0, 0x02, 0x19, 0xE1, 0xE5,
    0x00, 0x22, 0xEF, 0x02, 0x00, 0xE3, 0x32, 0x58, 0x9A, 0xCA, 0x28, 0x61, 0xB2, 0x00, 0x00, 0xA4,
    0x72, 0x96, 0x5B, 0x8A, 0x67, 0xA0, 0x73, 0x00, 0x00, 0x65, 0xB2, 0xD3, 0x1C, 0x4B, 0xA6, 0xDF,
    0x34, 0x00, 0x00, 0x26, 0xF3, 0xDC, 0x00, 0x0E, 0xEE, 0xF2, 0x03, 0x00, 0x00, 0x00, 0xE7, 0x9F,
    0x00, 0x00, 0xCC, 0xB7, 0x00, 0x00, 0x23, 0xEE, 0x32, 0x00, 0x19, 0xEA, 0x40, 0x00, 0x65, 0xD7,
    0x0A, 0xB8, 0x8C, 0x00, 0x00, 0x00, 0xB2, 0xD3, 0xD2, 0x07, 0x00, 0x00, 0x00, 0x4D, 0xFF, 0x65,
    0x00, 0x00, 0x00, 0x0C, 0xDD, 0x9C, 0xE5, 0x12, 0x00, 0x00, 0x9D, 0xAA, 0x00, 0x9A, 0xAA, 0x00,
    0x4F, 0xE5, 0x12, 0x00, 0x0C, 0xDC, 0x5B, 0x74, 0xAF, 0x00, 0x00, 0x00, 0x95, 0x90, 0x16, 0xF5,
    0x14, 0x00, 0x07, 0xED, 0x33, 0x00, 0xB0, 0x6F, 0x00, 0x56, 0xD5, 0x00, 0x00, 0x4E, 0xCF, 0x00,
    0xB6, 0x78, 0x00, 0x00, 0x04, 0xE8, 0x49, 0xFA, 0x1C, 0x00, 0x00, 0x00, 0x8B, 0xEA, 0xBD, 0x00,
    0x00, 0x00, 0x00, 0x29, 0xFF, 0x5F, 0x00, 0x00, 0x00, 0x00, 0x30, 0xF5, 0x0C, 0x00, 0x00, 0x00,
    0x03, 0xA1, 0x9B, 0x00, 0x00, 0x00, 0x0C, 0xFF, 0xD5, 0x1C, 0x00, 0x00, 0x00, 0x58, 0xFF, 0xFF,
    0xFF, 0xFF, 0xC8, 0x00, 0x00, 0x00, 0x08, 0xCB, 0x66, 0x00, 0x00, 0x00, 0xA5, 0x95, 0x00, 0x00,
    0x00, 0x77, 0xC0, 0x04, 0x00, 0x00, 0x4B, 0xDD, 0x14, 0x00, 0x00, 0x28, 0xE6, 0x2F, 0x00, 0x00,
    0x00, 0x7C, 0xFF, 0xFF, 0xFF, 0xFF, 0xC8, 0x00, 0x00, 0x00, 0x31, 0xD3, 0xF8, 0x24, 0x00, 0x00,
    0x00, 0x00, 0x97, 0x99, 0x06, 0x00, 0x00, 0x00, 0x00, 0x00, 0xAB, 0x68, 0x00, 0x00, 0x00, 0x00,
    0x00, 0x00, 0xAF, 0x66, 0x00, 0x00, 0x00, 0x00, 0x00, 0x1B, 0xE0, 0x48, 0x00, 0x00, 0x00, 0x00,
    0x80, 0xFF, 0xBE, 0x01, 0x00, 0x00, 0x00, 0x00, 0x00, 0x1E, 0xE3, 0x46, 0x00, 0x00, 0x00, 0x00,
    0x00, 0x00, 0xAF, 0x66, 0x00, 0x00, 0x00, 0x00, 0x00, 0x00, 0xAB, 0x68, 0x00, 0x00, 0x00, 0x00,
    0x00, 0x00, 0x97, 0x98, 0x06, 0x00, 0x00, 0x00, 0x00, 0x00, 0x33, 0xD5, 0xF9, 0x24, 0x00, 0x00,
    0x78, 0x84, 0x00, 0x00, 0x78, 0x84, 0x00, 0x00, 0x78, 0x84, 0x00, 0x00, 0x78, 0x84, 0x00, 0x00,
    0x78, 0x84, 0x00, 0x00, 0x78, 0x84, 0x00, 0x00, 0x78, 0x84, 0x00, 0x00, 0x78, 0x84, 0x00, 0x00,
    0x78, 0x84, 0x00, 0x00, 0x78, 0x84, 0x00, 0x00, 0x78, 0x84, 0x00, 0x00, 0x78, 0x84, 0x00, 0x00,
    0x7F, 0xF1, 0xAB, 0x03, 0x00, 0x00, 0x00, 0x00, 0x00, 0x15, 0xE5, 0x3A, 0x00, 0x00, 0x00, 0x00,
    0x00, 0x00, 0xC4, 0x4F, 0x00, 0x00, 0x00, 0x00, 0x00, 0x00, 0xC2, 0x52, 0x00, 0x00, 0x00, 0x00,
    0x00, 0x00, 0xA4, 0x97, 0x08, 0x00, 0x00, 0x00, 0x00, 0x00, 0x2C, 0xEF, 0xFF, 0x24, 0x00, 0x00,
    0x00, 0x00, 0xA2, 0x99, 0x09, 0x00, 0x00, 0x00, 0x00, 0x00, 0xC2, 0x53, 0x00, 0x00, 0x00, 0x00,
    0x00, 0x00, 0xC4, 0x4F, 0x00, 0x00, 0x00, 0x00, 0x00, 0x14, 0xE5, 0x3A, 0x00, 0x00, 0x00, 0x00,
    0x7F, 0xF2, 0xAD, 0x03, 0x00, 0x00, 0x00, 0x00, 0x00, 0x00, 0x00, 0x00, 0x00, 0x00, 0x00, 0x02,
    0x00, 0x00, 0x34, 0xC1, 0xF3, 0xC2, 0x56, 0x0C, 0x36, 0x9D, 0x00, 0x00, 0x7D, 0x37, 0x0D, 0x51,
    0xBE, 0xF4, 0xC6, 0x3B, 0x00, 0x00, 0x00, 0x00, 0x00, 0x00, 0x00, 0x00, 0x00, 0x00, 0x00, 0x00,
    0x00, 0x00, 0x00, 0x00, 0x00, 0x00, 0x00, 0x00, 0x00, 0x00, 0x00, 0x00, 0x00, 0x00, 0x00, 0x00,
    0x00, 0x00, 0x00, 0x00, 0x00, 0x00, 0xB6, 0x55, 0x00, 0x00, 0x00, 0x00, 0x00, 0x00, 0x1B, 0xCF,
    0x09, 0x00, 0x00, 0x00, 0xD4, 0xFF, 0xFF, 0xFF, 0xFF, 0xB4, 0x00, 0x00, 0xD4, 0x5C, 0x00, 0x00,
    0x00, 0x00, 0x00, 0x00, 0xD4, 0x5C, 0x00, 0x00, 0x00, 0x00, 0x00, 0x00, 0xD4, 0x5C, 0x00, 0x00,
    0x00, 0x00, 0x00, 0x00, 0xD4, 0xFF, 0xFF, 0xFF, 0xFF, 0x88, 0x00, 0x00, 0xD4, 0x5C, 0x00, 0x00,
    0x00, 0x00, 0x00, 0x00, 0xD4, 0x5C, 0x00, 0x00, 0x00, 0x00, 0x00, 0x00, 0xD4, 0x5C, 0x00, 0x00,
    0x00, 0x00, 0x00, 0x00, 0xD4, 0xFF, 0xFF, 0xFF, 0xFF, 0xD0, 0x00, 0x00, 0x00, 0xD0, 0x60, 0x88,
    0xA8, 0x00, 0x00, 0x00, 0x00, 0x00, 0x00, 0x00, 0x00, 0x00, 0x00, 0x00, 0xD4, 0xFF, 0xFF, 0xFF,
    0xFF, 0xB4, 0x00, 0x00, 0xD4, 0x5C, 0x00, 0x00, 0x00, 0x00, 0x00, 0x00, 0xD4, 0x5C, 0x00, 0x00,
    0x00, 0x00, 0x00, 0x00, 0xD4, 0x5C, 0x00, 0x00, 0x00, 0x00, 0x00, 0x00, 0xD4, 0xFF, 0xFF, 0xFF,
    0xFF, 0x88, 0x00, 0x00, 0xD4, 0x5C, 0x00, 0x00, 0x00, 0x00, 0x00, 0x00, 0xD4, 0x5C, 0x00, 0x00,
    0x00, 0x00, 0x00, 0x00, 0xD4, 0x5C, 0x00, 0x00, 0x00, 0x00, 0x00, 0x00, 0xD4, 0xFF, 0xFF, 0xFF,
    0xFF, 0xD0, 0x00, 0x08, 0xFF, 0xFF, 0xFF, 0xFF, 0xFF, 0xFF, 0xC8, 0x00, 0x00, 0x00, 0x00, 0x00,
    0x84, 0xAC, 0x00, 0x00, 0x00, 0x00, 0x00, 0x00, 0x00, 0x00, 0x84, 0xAC, 0x00, 0x00, 0x00, 0x00,
    0x00, 0x00, 0x00, 0x00, 0x84, 0xAC, 0x00, 0x00, 0x00, 0x00, 0x00, 0x00, 0x00, 0x00, 0x84, 0xFF,
    0xFF, 0xFF, 0xEF, 0x93, 0x01, 0x00, 0x00, 0x00, 0x84, 0xAC, 0x00, 0x00, 0x2A, 0xEE, 0x51, 0x00,
    0x00, 0x00, 0x84, 0xAC, 0x00, 0x00, 0x00, 0xB3, 0x7E, 0x00, 0x00, 0x00, 0x84, 0xAC, 0x00, 0x00,
    0x00, 0xAC, 0x84, 0x00, 0x00, 0x00, 0x84, 0xAC, 0x00, 0x00, 0x00, 0xB4, 0x7A, 0x00, 0x00, 0x00,
    0x00, 0x00, 0x00, 0x00, 0x23, 0xEA, 0x4D, 0x00, 0x00, 0x00, 0x00, 0x00, 0x00, 0x78, 0xED, 0x97,
    0x01, 0x00, 0x00, 0x00, 0x0C, 0xD9, 0x21, 0x00, 0x00, 0x00, 0x00, 0x86, 0x69, 0x00, 0x00, 0x00,
    0xD4, 0xFF, 0xFF, 0xFF, 0xFF, 0xA0, 0x00, 0xD4, 0x5C, 0x00, 0x00, 0x00, 0x00, 0x00, 0xD4, 0x5C,
    0x00, 0x00, 0x00, 0x00, 0x00, 0xD4, 0x5C, 0x00, 0x00, 0x00, 0x00, 0x00, 0xD4, 0x5C, 0x00, 0x00,
    0x00, 0x00, 0x00, 0xD4, 0x5C, 0x00, 0x00, 0x00, 0x00, 0x00, 0xD4, 0x5C, 0x00, 0x00, 0x00, 0x00,
    0x00, 0xD4, 0x5C, 0x00, 0x00, 0x00, 0x00, 0x00, 0xD4, 0x5C, 0x00, 0x00, 0x00, 0x00, 0x00, 0x00,
    0x53, 0xC9, 0xF6, 0xE6, 0xAB, 0x27, 0x00, 0x66, 0xEB, 0x57, 0x13, 0x16, 0x53, 0x94, 0x09, 0xEF,
    0x5B, 0x00, 0x00, 0x00, 0x00, 0x00, 0x3C, 0xFC, 0x0B, 0x00, 0x00, 0x00, 0x00, 0x00, 0x4F, 0xFF,
    0xFF, 0xFF, 0xFF, 0xFF, 0x98, 0x00, 0x3C, 0xFC, 0x0B, 0x00, 0x00, 0x00, 0x00, 0x00, 0x09, 0xEF,
    0x5B, 0x00, 0x00, 0x00, 0x00, 0x00, 0x00, 0x67, 0xEB, 0x57, 0x13, 0x16, 0x53, 0x94, 0x00, 0x00,
    0x54, 0xCA, 0xF7, 0xE7, 0xAA, 0x27, 0x00, 0x35, 0xC0, 0xF2, 0xDE, 0x85, 0x0C, 0x00, 0x07, 0xEA,
    0x7D, 0x0F, 0x1C, 0x76, 0x5E, 0x00, 0x28, 0xFF, 0x07, 0x00, 0x00, 0x00, 0x00, 0x00, 0x09, 0xE8,
    0x8E, 0x27, 0x01, 0x00, 0x00, 0x00, 0x00, 0x28, 0xA6, 0xEA, 0xED, 0x9A, 0x13, 0x00, 0x00, 0x00,
    0x00, 0x00, 0x24, 0xBE, 0xB0, 0x00, 0x00, 0x00, 0x00, 0x00, 0x00, 0x54, 0xE8, 0x00, 0x29, 0xA3,
    0x35, 0x0A, 0x23, 0xBD, 0xB4, 0x00, 0x02, 0x59, 0xC7, 0xF5, 0xE7, 0xA4, 0x18, 0x00, 0x00, 0xD4,
    0x5C, 0x00, 0x00, 0xD4, 0x5C, 0x00, 0x00, 0xD4, 0x5C, 0x00, 0x00, 0xD4, 0x5C, 0x00, 0x00, 0xD4,
    0x5C, 0x00, 0x00, 0xD4, 0x5C, 0x00, 0x00, 0xD4, 0x5C, 0x00, 0x00, 0xD4, 0x5C, 0x00, 0x00, 0xD4,
    0x5C, 0x00, 0xF4, 0x3C, 0xAC, 0x84, 0x00, 0x00, 0x00, 0x00, 0x00, 0xD4, 0x5C, 0x00, 0x00, 0xD4,
    0x5C, 0x00, 0x00, 0xD4, 0x5C, 0x00, 0x00, 0xD4, 0x5C, 0x00, 0x00, 0xD4, 0x5C, 0x00, 0x00, 0xD4,
    0x5C, 0x00, 0x00, 0xD4, 0x5C, 0x00, 0x00, 0xD4, 0x5C, 0x00, 0x00, 0xD4, 0x5C, 0x00, 0x00, 0x00,
    0xD4, 0x5C, 0x00, 0x00, 0x00, 0xD4, 0x5C, 0x00, 0x00, 0x00, 0xD4, 0x5C, 0x00, 0x00, 0x00, 0xD4,
    0x5C, 0x00, 0x00, 0x00, 0xD4, 0x5C, 0x00, 0x00, 0x00, 0xD4, 0x5C, 0x00, 0x00, 0x00, 0xD4, 0x5C,
    0x00, 0x00, 0x00, 0xD4, 0x5C, 0x00, 0x00, 0x00, 0xDE, 0x4D, 0x00, 0x01, 0x3D, 0xFB, 0x20, 0x00,
    0x9F, 0xE5, 0x6F, 0x00, 0x00, 0x00, 0x00, 0x5C, 0xFF, 0xFF, 0xFF, 0xFF, 0xD8, 0x00, 0x00, 0x00,
    0x00, 0x00, 0x00, 0x00, 0x5C, 0xD0, 0x00, 0x00, 0x58, 0xD8, 0x00, 0x00, 0x00, 0x00, 0x00, 0x00,
    0x00, 0x60, 0xCD, 0x00, 0x00, 0x58, 0xD8, 0x00, 0x00, 0x00, 0x00, 0x00, 0x00, 0x00, 0x68, 0xC6,
    0x00, 0x00, 0x58, 0xD8, 0x00, 0x00, 0x00, 0x00, 0x00, 0x00, 0x00, 0x78, 0xB5, 0x00, 0x00, 0x58,
    0xFF, 0xFF, 0xF6, 0xCD, 0x4A, 0x00, 0x00, 0x00, 0x97, 0x97, 0x00, 0x00, 0x58, 0xD8, 0x00, 0x0A,
    0x6E, 0xF7, 0x15, 0x00, 0x04, 0xD9, 0x62, 0x00, 0x00, 0x58, 0xD8, 0x00, 0x00, 0x04, 0xFE, 0x3C,
    0x0F, 0x96, 0xEB, 0x10, 0x00, 0x00, 0x58, 0xD8, 0x00, 0x04, 0x67, 0xF8, 0x16, 0x78, 0xB6, 0x2B,
    0x00, 0x00, 0x00, 0x58, 0xFE, 0xF8, 0xF4, 0xCF, 0x4D, 0x00, 0x00, 0xD4, 0x5C, 0x00, 0x00, 0x00,
    0xEC, 0x44, 0x00, 0x00, 0x00, 0x00, 0x00, 0x00, 0xD4, 0x5C, 0x00, 0x00, 0x00, 0xEC, 0x44, 0x00,
    0x00, 0x00, 0x00, 0x00, 0x00, 0xD4, 0x5C, 0x00, 0x00, 0x00, 0xEC, 0x44, 0x00, 0x00, 0x00, 0x00,
    0x00, 0x00, 0xD4, 0x5C, 0x00, 0x00, 0x00, 0xEC, 0x44, 0x00, 0x00, 0x00, 0x00, 0x00, 0x00, 0xD4,
    0xFF, 0xFF, 0xFF, 0xFF, 0xFF, 0xFF, 0xFD, 0xE4, 0x91, 0x06, 0x00, 0x00, 0xD4, 0x5C, 0x00, 0x00,
    0x00, 0xEC, 0x44, 0x02, 0x2B, 0xDE, 0x79, 0x00, 0x00, 0xD4, 0x5C, 0x00, 0x00, 0x00, 0xEC, 0x44,
    0x00, 0x00, 0x97, 0xA8, 0x00, 0x00, 0xD4, 0x5C, 0x00, 0x00, 0x00, 0xEC, 0x44, 0x02, 0x29, 0xDD,
    0x79, 0x00, 0x00, 0xD4, 0x5C, 0x00, 0x00, 0x00, 0xEC, 0xFF, 0xFE, 0xE6, 0x94, 0x07, 0x00, 0x08,
    0xFF, 0xFF, 0xFF, 0xFF, 0xFF, 0xFF, 0xC8, 0x00, 0x00, 0x00, 0x00, 0x00, 0x84, 0xAC, 0x00, 0x00,
    0x00, 0x00, 0x00, 0x00, 0x00, 0x00, 0x84, 0xAC, 0x00, 0x00, 0x00, 0x00, 0x00, 0x00, 0x00, 0x00,
    0x84, 0xAC, 0x00, 0x00, 0x00, 0x00, 0x00, 0x00, 0x00, 0x00, 0x84, 0xFF, 0xFF, 0xFF, 0xEE, 0x8E,
    0x00, 0x00, 0x00, 0x00, 0x84, 0xAC, 0x00, 0x00, 0x2D, 0xF1, 0x4B, 0x00, 0x00, 0x00, 0x84, 0xAC,
    0x00, 0x00, 0x00, 0xB5, 0x7B, 0x00, 0x00, 0x00, 0x84, 0xAC, 0x00, 0x00, 0x00, 0xAC, 0x84, 0x00,
    0x00, 0x00, 0x84, 0xAC, 0x00, 0x00, 0x00, 0xAC, 0x84, 0x00, 0x00, 0x00, 0x00, 0x93, 0x75, 0x00,
    0x00, 0x00, 0x00, 0x00, 0x00, 0x2A, 0xC2, 0x02, 0x00, 0x00, 0x00, 0x00, 0xD4, 0x5C, 0x00, 0x00,
    0x11, 0xD0, 0xA1, 0x01, 0x00, 0xD4, 0x5C, 0x00, 0x0C, 0xC8, 0xAC, 0x03, 0x00, 0x00, 0xD4, 0x5C,
    0x09, 0xBF, 0xB7, 0x06, 0x00, 0x00, 0x00, 0xD4, 0x61, 0xB6, 0xE8, 0x09, 0x00, 0x00, 0x00, 0x00,
    0xD4, 0xE7, 0xC8, 0xE2, 0x58, 0x00, 0x00, 0x00, 0x00, 0xD4, 0xD0, 0x11, 0x49, 0xEA, 0x14, 0x00,
    0x00, 0x00, 0xD4, 0x5C, 0x00, 0x00, 0xA2, 0xA6, 0x00, 0x00, 0x00, 0xD4, 0x5C, 0x00, 0x00, 0x12,
    0xE8, 0x4D, 0x00, 0x00, 0xD4, 0x5C, 0x00, 0x00, 0x00, 0x54, 0xE4, 0x0F, 0x00, 0x00, 0x01, 0xC0,
    0x49, 0x00, 0x00, 0x00, 0x00, 0x00, 0x00, 0x00, 0x22, 0xCC, 0x05, 0x00, 0x00, 0x00, 0x00, 0xD4,
    0x54, 0x00, 0x00, 0x18, 0xF5, 0xCC, 0x00, 0x00, 0xD4, 0x54, 0x00, 0x00, 0x92, 0xED, 0xCC, 0x00,
    0x00, 0xD4, 0x54, 0x00, 0x1D, 0xF4, 0x7B, 0xCC, 0x00, 0x00, 0xD4, 0x54, 0x00, 0x99, 0x9B, 0x58,
    0xCC, 0x00, 0x00, 0xD4, 0x54, 0x21, 0xF3, 0x1E, 0x58, 0xCC, 0x00, 0x00, 0xD4, 0x54, 0xA1, 0x92,
    0x00, 0x58, 0xCC, 0x00, 0x00, 0xD4, 0x7B, 0xF2, 0x18, 0x00, 0x58, 0xCC, 0x00, 0x00, 0xD4, 0xED,
    0x8A, 0x00, 0x00, 0x58, 0xCC, 0x00, 0x00, 0xD4, 0xF2, 0x13, 0x00, 0x00, 0x58, 0xCC, 0x00, 0x00,
    0x11, 0xC6, 0x16, 0x80, 0x66, 0x00, 0x00, 0x00, 0x00, 0x86, 0xF4, 0xC5, 0x0E, 0x00, 0x00, 0x98,
    0xAD, 0x00, 0x00, 0x00, 0x5F, 0xE3, 0x03, 0x2E, 0xFC, 0x1E, 0x00, 0x00, 0xCB, 0x7D, 0x00, 0x00,
    0xC5, 0x87, 0x00, 0x38, 0xFA, 0x18, 0x00, 0x00, 0x5C, 0xEC, 0x08, 0xA5, 0xA9, 0x00, 0x00, 0x00,
    0x07, 0xEB, 0x79, 0xF9, 0x40, 0x00, 0x00, 0x00, 0x00, 0x89, 0xFD, 0xD5, 0x00, 0x00, 0x00, 0x00,
    0x00, 0x23, 0xFF, 0x6C, 0x00, 0x00, 0x00, 0x00, 0x01, 0x54, 0xF4, 0x0E, 0x00, 0x00, 0x00, 0x00,
    0xD9, 0xE3, 0x5E, 0x00, 0x00, 0x00, 0x00, 0x00, 0xD4, 0x5C, 0x00, 0x00, 0x00, 0x58, 0xD8, 0x00,
    0x00, 0xD4, 0x5C, 0x00, 0x00, 0x00, 0x58, 0xD8, 0x00, 0x00, 0xD4, 0x5C, 0x00, 0x00, 0x00, 0x58,
    0xD8, 0x00, 0x00, 0xD4, 0x5C, 0x00, 0x00, 0x00, 0x58, 0xD8, 0x00, 0x00, 0xD4, 0x5C, 0x00, 0x00,
    0x00, 0x58, 0xD8, 0x00, 0x00, 0xD4, 0x5C, 0x00, 0x00, 0x00, 0x58, 0xD8, 0x00, 0x00, 0xD4, 0x5C,
    0x00, 0x00, 0x00, 0x58, 0xD8, 0x00, 0x00, 0xD4, 0x5C, 0x00, 0x00, 0x00, 0x58, 0xD8, 0x00, 0x00,
    0xD4, 0xFF, 0xFF, 0xFF, 0xFF, 0xFF, 0xD8, 0x00, 0x00, 0x00, 0x00, 0x00, 0xFC, 0x04, 0x00, 0x00,
    0x00, 0x00, 0x00, 0x00, 0x00, 0xFC, 0x04, 0x00, 0x00, 0x00, 0x00, 0x00, 0x00, 0xC0, 0xEF, 0x07,
    0x00, 0x00, 0x00, 0x00, 0x00, 0x20, 0xF7, 0xD8, 0x55, 0x00, 0x00, 0x00, 0x00, 0x00, 0x7E, 0xB0,
    0x79, 0xB4, 0x00, 0x00, 0x00, 0x00, 0x00, 0xDC, 0x59, 0x22, 0xFB, 0x17, 0x00, 0x00, 0x00, 0x3C,
    0xF6, 0x0C, 0x00, 0xCB, 0x71, 0x00, 0x00, 0x00, 0x9B, 0xAB, 0x00, 0x00, 0x74, 0xD0, 0x00, 0x00,
    0x09, 0xF1, 0xFF, 0xFF, 0xFF, 0xFF, 0xFF, 0x2F, 0x00, 0x59, 0xEA, 0x06, 0x00, 0x00, 0x00, 0xBA,
    0x8D, 0x00, 0xB8, 0x8A, 0x00, 0x00, 0x00, 0x00, 0x53, 0xE8, 0x04, 0x00, 0xD4, 0xFF, 0xFF, 0xFF,
    0xFF, 0xC4, 0x00, 0x00, 0xD4, 0x5C, 0x00, 0x00, 0x00, 0x00, 0x00, 0x00, 0xD4, 0x5C, 0x00, 0x00,
    0x00, 0x00, 0x00, 0x00, 0xD4, 0x5C, 0x00, 0x00, 0x00, 0x00, 0x00, 0x00, 0xD4, 0xFF, 0xFF, 0xF8,
    0xD5, 0x5C, 0x00, 0x00, 0xD4, 0x5C, 0x00, 0x08, 0x56, 0xFC, 0x2B, 0x00, 0xD4, 0x5C, 0x00, 0x00,
    0x00, 0xE7, 0x58, 0x00, 0xD4, 0x5C, 0x00, 0x07, 0x53, 0xFC, 0x2D, 0x00, 0xD4, 0xFF, 0xFF, 0xF9,
    0xD7, 0x62, 0x00, 0x00, 0xD4, 0xFF, 0xFF, 0xF5, 0xC1, 0x2D, 0x00, 0x00, 0xD4, 0x5C, 0x00, 0x0D,
    0x93, 0xD1, 0x00, 0x00, 0xD4, 0x5C, 0x00, 0x00, 0x36, 0xFA, 0x00, 0x00, 0xD4, 0x5C, 0x00, 0x0C,
    0x91, 0xC1, 0x00, 0x00, 0xD4, 0xFF, 0xFF, 0xFF, 0xED, 0x39, 0x00, 0x00, 0xD4, 0x5C, 0x00, 0x08,
    0x56, 0xF1, 0x1B, 0x00, 0xD4, 0x5C, 0x00, 0x00, 0x00, 0xE7, 0x58, 0x00, 0xD4, 0x5C, 0x00, 0x07,
    0x53, 0xFC, 0x2F, 0x00, 0xD4, 0xFF, 0xFF, 0xF9, 0xD6, 0x60, 0x00, 0x00, 0xD4, 0xFF, 0xFF, 0xFF,
    0xFF, 0xA0, 0x00, 0xD4, 0x5C, 0x00, 0x00, 0x00, 0x00, 0x00, 0xD4, 0x5C, 0x00, 0x00, 0x00, 0x00,
    0x00, 0xD4, 0x5C, 0x00, 0x00, 0x00, 0x00, 0x00, 0xD4, 0x5C, 0x00, 0x00, 0x00, 0x00, 0x00, 0xD4,
    0x5C, 0x00, 0x00, 0x00, 0x00, 0x00, 0xD4, 0x5C, 0x00, 0x00, 0x00, 0x00, 0x00, 0xD4, 0x5C, 0x00,
    0x00, 0x00, 0x00, 0x00, 0xD4, 0x5C, 0x00, 0x00, 0x00, 0x00, 0x00, 0x00, 0x6C, 0xFF, 0xFF, 0xFF,
    0xFF, 0xC8, 0x00, 0x00, 0x00, 0x6C, 0xC4, 0x00, 0x00, 0x64, 0xC8, 0x00, 0x00, 0x00, 0x71, 0xC1,
    0x00, 0x00, 0x64, 0xC8, 0x00, 0x00, 0x00, 0x7A, 0xB9, 0x00, 0x00, 0x64, 0xC8, 0x00, 0x00, 0x00,
    0x8E, 0xA6, 0x00, 0x00, 0x64, 0xC8, 0x00, 0x00, 0x00, 0xAF, 0x86, 0x00, 0x00, 0x64, 0xC8, 0x00,
    0x00, 0x00, 0xE3, 0x53, 0x00, 0x00, 0x64, 0xC8, 0x00, 0x00, 0x69, 0xEF, 0x0F, 0x00, 0x00, 0x64,
    0xC8, 0x00, 0x68, 0xFF, 0xFF, 0xFF, 0xFF, 0xFF, 0xFF, 0xFF, 0xC8, 0x68, 0x98, 0x00, 0x00, 0x00,
    0x00, 0x00, 0x38, 0xC8, 0x68, 0x98, 0x00, 0x00, 0x00, 0x00, 0x00, 0x38, 0xC8, 0x00, 0xD4, 0xFF,
    0xFF, 0xFF, 0xFF, 0xB4, 0x00, 0x00, 0xD4, 0x5C, 0x00, 0x00, 0x00, 0x00, 0x00, 0x00, 0xD4, 0x5C,
    0x00, 0x00, 0x00, 0x00, 0x00, 0x00, 0xD4, 0x5C, 0x00, 0x00, 0x00, 0x00, 0x00, 0x00, 0xD4, 0xFF,
    0xFF, 0xFF, 0xFF, 0x88, 0x00, 0x00, 0xD4, 0x5C, 0x00, 0x00, 0x00, 0x00, 0x00, 0x00, 0xD4, 0x5C,
    0x00, 0x00, 0x00, 0x00, 0x00, 0x00, 0xD4, 0x5C, 0x00, 0x00, 0x00, 0x00, 0x00, 0x00, 0xD4, 0xFF,
    0xFF, 0xFF, 0xFF, 0xD0, 0x00, 0x2D, 0xED, 0x54, 0x00, 0x00, 0x20, 0xFF, 0x10, 0x00, 0x00, 0x67,
    0xE7, 0x21, 0x00, 0x3D, 0xF0, 0x3F, 0x00, 0x20, 0xFF, 0x10, 0x00, 0x4F, 0xEE, 0x30, 0x00, 0x00,
    0x00, 0x51, 0xED, 0x2D, 0x20, 0xFF, 0x10, 0x3A, 0xF0, 0x42, 0x00, 0x00, 0x00, 0x00, 0x00, 0x8F,
    0xE5, 0x3E, 0xFF, 0x38, 0xED, 0x7E, 0x00, 0x00, 0x00, 0x00, 0x00, 0x0E, 0xE5, 0xB0, 0xE8, 0xFF,
    0xE8, 0xB0, 0xDB, 0x08, 0x00, 0x00, 0x00, 0x00, 0x95, 0xA5, 0x00, 0x9D, 0xFF, 0x8C, 0x00, 0xBA,
    0x82, 0x00, 0x00, 0x00, 0x36, 0xEC, 0x17, 0x00, 0x20, 0xFF, 0x10, 0x00, 0x23, 0xF0, 0x28, 0x00,
    0x04, 0xD0, 0x66, 0x00, 0x00, 0x20, 0xFF, 0x10, 0x00, 0x00, 0x7B, 0xC0, 0x00, 0x74, 0xC6, 0x01,
    0x00, 0x00, 0x20, 0xFF, 0x10, 0x00, 0x00, 0x06, 0xD5, 0x60, 0x01, 0x68, 0xD0, 0xF6, 0xDC, 0x7F,
    0x03, 0x00, 0x1E, 0x9D, 0x1D, 0x05, 0x2D, 0xD8, 0x7A, 0x00, 0x00, 0x00, 0x00, 0x00, 0x00, 0x88,
    0xA6, 0x00, 0x00, 0x00, 0x00, 0x02, 0x27, 0xC5, 0x3A, 0x00, 0x00, 0x00, 0xB4, 0xFF, 0xFF, 0xBC,
    0x1D, 0x00, 0x00, 0x00, 0x00, 0x03, 0x24, 0xBB, 0xB7, 0x00, 0x00, 0x00, 0x00, 0x00, 0x00, 0x56,
    0xDF, 0x00, 0x30, 0x86, 0x1E, 0x06, 0x29, 0xC0, 0x96, 0x00, 0x04, 0x76, 0xD8, 0xF8, 0xDA, 0x7C,
    0x06, 0x00, 0x00, 0xD4, 0x54, 0x00, 0x00, 0x18, 0xF5, 0xCC, 0x00, 0x00, 0xD4, 0x54, 0x00, 0x00,
    0x92, 0xED, 0xCC, 0x00, 0x00, 0xD4, 0x54, 0x00, 0x1D, 0xF4, 0x7B, 0xCC, 0x00, 0x00, 0xD4, 0x54,
    0x00, 0x99, 0x9B, 0x58, 0xCC, 0x00, 0x00, 0xD4, 0x54, 0x21, 0xF3, 0x1E, 0x58, 0xCC, 0x00, 0x00,
    0xD4, 0x54, 0xA1, 0x92, 0x00, 0x58, 0xCC, 0x00, 0x00, 0xD4, 0x7B, 0xF2, 0x18, 0x00, 0x58, 0xCC,
    0x00, 0x00, 0xD4, 0xED, 0x8A, 0x00, 0x00, 0x58, 0xCC, 0x00, 0x00, 0xD4, 0xF2, 0x13, 0x00, 0x00,
    0x58, 0xCC, 0x00, 0x00, 0x00, 0x4B, 0x96, 0x14, 0xB3, 0x2A, 0x00, 0x00, 0x00, 0x00, 0x05, 0xB7,
    0xF5, 0x9C, 0x00, 0x00, 0x00, 0x00, 0xD4, 0x54, 0x00, 0x00, 0x18, 0xF5, 0xCC, 0x00, 0x00, 0xD4,
    0x54, 0x00, 0x00, 0x92, 0xED, 0xCC, 0x00, 0x00, 0xD4, 0x54, 0x00, 0x1D, 0xF4, 0x7B, 0xCC, 0x00,
    0x00, 0xD4, 0x54, 0x00, 0x99, 0x9B, 0x58, 0xCC, 0x00, 0x00, 0xD4, 0x54, 0x21, 0xF3, 0x1E, 0x58,
    0xCC, 0x00, 0x00, 0xD4, 0x54, 0xA1, 0x92, 0x00, 0x58, 0xCC, 0x00, 0x00, 0xD4, 0x7B, 0xF2, 0x18,
    0x00, 0x58, 0xCC, 0x00, 0x00, 0xD4, 0xED, 0x8A, 0x00, 0x00, 0x58, 0xCC, 0x00, 0x00, 0xD4, 0xF2,
    0x13, 0x00, 0x00, 0x58, 0xCC, 0x00, 0x00, 0xD4, 0x5C, 0x00, 0x00, 0x11, 0xD0, 0xA1, 0x01, 0x00,
    0xD4, 0x5C, 0x00, 0x0C, 0xC8, 0xAC, 0x03, 0x00, 0x00, 0xD4, 0x5C, 0x09, 0xBF, 0xB7, 0x06, 0x00,
    0x00, 0x00, 0xD4, 0x61, 0xB6, 0xE8, 0x09, 0x00, 0x00, 0x00, 0x00, 0xD4, 0xE7, 0xC8, 0xE2, 0x58,
    0x00, 0x00, 0x00, 0x00, 0xD4, 0xD0, 0x11, 0x49, 0xEA, 0x14, 0x00, 0x00, 0x00, 0xD4, 0x5C, 0x00,
    0x00, 0xA2, 0xA6, 0x00, 0x00, 0x00, 0xD4, 0x5C, 0x00, 0x00, 0x12, 0xE8, 0x4D, 0x00, 0x00, 0xD4,
    0x5C, 0x00, 0x00, 0x00, 0x54, 0xE4, 0x0F, 0x00, 0x00, 0x5C, 0xFF, 0xFF, 0xFF, 0xFF, 0xD8, 0x00,
    0x00, 0x00, 0x5C, 0xD0, 0x00, 0x00, 0x58, 0xD8, 0x00, 0x00, 0x00, 0x61, 0xCD, 0x00, 0x00, 0x58,
    0xD8, 0x00, 0x00, 0x00, 0x6A, 0xC6, 0x00, 0x00, 0x58, 0xD8, 0x00, 0x00, 0x00, 0x7C, 0xB5, 0x00,
    0x00, 0x58, 0xD8, 0x00, 0x00, 0x00, 0x9C, 0x97, 0x00, 0x00, 0x58, 0xD8, 0x00, 0x00, 0x01, 0xD6,
    0x64, 0x00, 0x00, 0x58, 0xD8, 0x00, 0x0E, 0x8A, 0xED, 0x12, 0x00, 0x00, 0x58, 0xD8, 0x00, 0x78,
    0xB6, 0x2C, 0x00, 0x00, 0x00, 0x58, 0xD8, 0x00, 0x00, 0xD4, 0xFE, 0x21, 0x00, 0x00, 0x00, 0xC5,
    0xFF, 0x30, 0x00, 0xD4, 0xD5, 0x81, 0x00, 0x00, 0x27, 0xDB, 0xF8, 0x30, 0x00, 0xD4, 0x76, 0xDF,
    0x01, 0x00, 0x89, 0x7B, 0xF8, 0x30, 0x00, 0xD4, 0x54, 0xC0, 0x43, 0x03, 0xE4, 0x1C, 0xF8, 0x30,
    0x00, 0xD4, 0x54, 0x5F, 0xA4, 0x4C, 0xB8, 0x00, 0xF8, 0x30, 0x00, 0xD4, 0x54, 0x0B, 0xE9, 0xBB,
    0x56, 0x00, 0xF8, 0x30, 0x00, 0xD4, 0x54, 0x00, 0x9D, 0xED, 0x07, 0x00, 0xF8, 0x30, 0x00, 0xD4,
    0x54, 0x00, 0x00, 0x00, 0x00, 0x00, 0xF8, 0x30, 0x00, 0xD4, 0x54, 0x00, 0x00, 0x00, 0x00, 0x00,
    0xF8, 0x30, 0x00, 0xD4, 0x5C, 0x00, 0x00, 0x00, 0x58, 0xD8, 0x00, 0x00, 0xD4, 0x5C, 0x00, 0x00,
    0x00, 0x58, 0xD8, 0x00, 0x00, 0xD4, 0x5C, 0x00, 0x00, 0x00, 0x58, 0xD8, 0x00, 0x00, 0xD4, 0x5C,
    0x00, 0x00, 0x00, 0x58, 0xD8, 0x00, 0x00, 0xD4, 0xFF, 0xFF, 0xFF, 0xFF, 0xFF, 0xD8, 0x00, 0x00,
    0xD4, 0x5C, 0x00, 0x00, 0x00, 0x58, 0xD8, 0x00, 0x00, 0xD4, 0x5C, 0x00, 0x00, 0x00, 0x58, 0xD8,
    0x00, 0x00, 0xD4, 0x5C, 0x00, 0x00, 0x00, 0x58, 0xD8, 0x00, 0x00, 0xD4, 0x5C, 0x00, 0x00, 0x00,
    0x58, 0xD8, 0x00, 0x00, 0x00, 0x5B, 0xD1, 0xF8, 0xE9, 0x99, 0x12, 0x00, 0x00, 0x6A, 0xEF, 0x58,
    0x0F, 0x29, 0xB7, 0xCE, 0x07, 0x09, 0xEF, 0x62, 0x00, 0x00, 0x00, 0x0A, 0xE7, 0x66, 0x3C, 0xFF,
    0x0D, 0x00, 0x00, 0x00, 0x00, 0x99, 0xAB, 0x50, 0xF4, 0x00, 0x00, 0x00, 0x00, 0x00, 0x80, 0xBF,
    0x3D, 0xFF, 0x0D, 0x00, 0x00, 0x00, 0x00, 0x99, 0xAB, 0x09, 0xF0, 0x62, 0x00, 0x00, 0x00, 0x0A,
    0xE7, 0x67, 0x00, 0x6D, 0xEF, 0x57, 0x0F, 0x28, 0xB7, 0xD1, 0x08, 0x00, 0x00, 0x5E, 0xD2, 0xF9,
    0xEA, 0x9B, 0x13, 0x00, 0x00, 0xD4, 0xFF, 0xFF, 0xFF, 0xFF, 0xFF, 0xD8, 0x00, 0x00, 0xD4, 0x5C,
    0x00, 0x00, 0x00, 0x58, 0xD8, 0x00, 0x00, 0xD4, 0x5C, 0x00, 0x00, 0x00, 0x58, 0xD8, 0x00, 0x00,
    0xD4, 0x5C, 0x00, 0x00, 0x00, 0x58, 0xD8, 0x00, 0x00, 0xD4, 0x5C, 0x00, 0x00, 0x00, 0x58, 0xD8,
    0x00, 0x00, 0xD4, 0x5C, 0x00, 0x00, 0x00, 0x58, 0xD8, 0x00, 0x00, 0xD4, 0x5C, 0x00, 0x00, 0x00,
    0x58, 0xD8, 0x00, 0x00, 0xD4, 0x5C, 0x00, 0x00, 0x00, 0x58, 0xD8, 0x00, 0x00, 0xD4, 0x5C, 0x00,
    0x00, 0x00, 0x58, 0xD8, 0x00, 0x00, 0xD4, 0xFF, 0xFF, 0xEB, 0xA5, 0x12, 0x00, 0xD4, 0x5C, 0x00,
    0x1F, 0xCA, 0x99, 0x00, 0xD4, 0x5C, 0x00, 0x00, 0x77, 0xC8, 0x00, 0xD4, 0x5C, 0x00, 0x1F, 0xCA,
    0x9A, 0x00, 0xD4, 0xFF, 0xFF, 0xEC, 0xA8, 0x13, 0x00, 0xD4, 0x5C, 0x00, 0x00, 0x00, 0x00, 0x00,
    0xD4, 0x5C, 0x00, 0x00, 0x00, 0x00, 0x00, 0xD4, 0x5C, 0x00, 0x00, 0x00, 0x00, 0x00, 0xD4, 0x5C,
    0x00, 0x00, 0x00, 0x00, 0x00, 0x00, 0x53, 0xC8, 0xF6, 0xE7, 0xAB, 0x27, 0x00, 0x66, 0xF1, 0x62,
    0x17, 0x15, 0x51, 0x93, 0x09, 0xEF, 0x64, 0x00, 0x00, 0x00, 0x00, 0x00, 0x3C, 0xFF, 0x0D, 0x00,
    0x00, 0x00, 0x00, 0x00, 0x4F, 0xF4, 0x00, 0x00, 0x00, 0x00, 0x00, 0x00, 0x3C, 0xFF, 0x0D, 0x00,
    0x00, 0x00, 0x00, 0x00, 0x09, 0xEF, 0x63, 0x00, 0x00, 0x00, 0x00, 0x00, 0x00, 0x67, 0xEF, 0x60,
    0x15, 0x15, 0x51, 0x93, 0x00, 0x00, 0x54, 0xC9, 0xF6, 0xE8, 0xAA, 0x27, 0x08, 0xFF, 0xFF, 0xFF,
    0xFF, 0xFF, 0xFF, 0xFF, 0x5C, 0x00, 0x00, 0x00, 0x00, 0xEC, 0x44, 0x00, 0x00, 0x00, 0x00, 0x00,
    0x00, 0x00, 0xEC, 0x44, 0x00, 0x00, 0x00, 0x00, 0x00, 0x00, 0x00, 0xEC, 0x44, 0x00, 0x00, 0x00,
    0x00, 0x00, 0x00, 0x00, 0xEC, 0x44, 0x00, 0x00, 0x00, 0x00, 0x00, 0x00, 0x00, 0xEC, 0x44, 0x00,
    0x00, 0x00, 0x00, 0x00, 0x00, 0x00, 0xEC, 0x44, 0x00, 0x00, 0x00, 0x00, 0x00, 0x00, 0x00, 0xEC,
    0x44, 0x00, 0x00, 0x00, 0x00, 0x00, 0x00, 0x00, 0xEC, 0x44, 0x00, 0x00, 0x00, 0x98, 0xAD, 0x00,
    0x00, 0x00, 0x5F, 0xE3, 0x03, 0x2E, 0xFC, 0x1E, 0x00, 0x00, 0xCB, 0x7D, 0x00, 0x00, 0xC5, 0x87,
    0x00, 0x38, 0xFA, 0x18, 0x00, 0x00, 0x5C, 0xEC, 0x08, 0xA5, 0xA9, 0x00, 0x00, 0x00, 0x07, 0xEB,
    0x79, 0xF9, 0x40, 0x00, 0x00, 0x00, 0x00, 0x89, 0xFD, 0xD5, 0x00, 0x00, 0x00, 0x00, 0x00, 0x23,
    0xFF, 0x6C, 0x00, 0x00, 0x00, 0x00, 0x01, 0x54, 0xF4, 0x0E, 0x00, 0x00, 0x00, 0x00, 0xD9, 0xE3,
    0x5E, 0x00, 0x00, 0x00, 0x00, 0x00, 0x00, 0x00, 0x00, 0x6C, 0xC4, 0x00, 0x00, 0x00, 0x00, 0x00,
    0x04, 0x6C, 0xC8, 0xF7, 0xFE, 0xDA, 0x96, 0x17, 0x00, 0x00, 0xA1, 0xD7, 0x47, 0x75, 0xC5, 0x2B,
    0xA7, 0xE3, 0x11, 0x1E, 0xFF, 0x2F, 0x00, 0x6C, 0xC4, 0x00, 0x03, 0xD8, 0x71, 0x41, 0xFC, 0x01,
    0x00, 0x6C, 0xC4, 0x00, 0x00, 0xAA, 0x94, 0x1E, 0xFF, 0x22, 0x00, 0x6C, 0xC4, 0x00, 0x00, 0xCE,
    0x71, 0x00, 0xA1, 0xC2, 0x25, 0x6C, 0xC4, 0x0D, 0x87, 0xE3, 0x11, 0x00, 0x04, 0x6C, 0xC9, 0xEE,
    0xF8, 0xD7, 0x96, 0x18, 0x00, 0x00, 0x00, 0x00, 0x00, 0x6C, 0xC4, 0x00, 0x00, 0x00, 0x00, 0x0C,
    0xE1, 0x56, 0x00, 0x00, 0x0E, 0xE2, 0x52, 0x00, 0x48, 0xE9, 0x13, 0x00, 0x9D, 0xA7, 0x00, 0x00,
    0x00, 0xA3, 0xA4, 0x49, 0xE8, 0x13, 0x00, 0x00, 0x00, 0x13, 0xE9, 0xEF, 0x51, 0x00, 0x00, 0x00,
    0x00, 0x00, 0xAF, 0xEF, 0x0D, 0x00, 0x00, 0x00, 0x00, 0x4D, 0xE8, 0xB8, 0x95, 0x00, 0x00, 0x00,
    0x11, 0xE6, 0x51, 0x19, 0xEE, 0x3C, 0x00, 0x00, 0xA3, 0xA5, 0x00, 0x00, 0x64, 0xD8, 0x07, 0x4E,
    0xE7, 0x12, 0x00, 0x00, 0x00, 0xBD, 0x85, 0x00, 0xD4, 0x5C, 0x00, 0x00, 0x00, 0x58, 0xD8, 0x00,
    0x00, 0xD4, 0x5C, 0x00, 0x00, 0x00, 0x58, 0xD8, 0x00, 0x00, 0xD4, 0x5C, 0x00, 0x00, 0x00, 0x58,
    0xD8, 0x00, 0x00, 0xD4, 0x5C, 0x00, 0x00, 0x00, 0x58, 0xD8, 0x00, 0x00, 0xD4, 0x5C, 0x00, 0x00,
    0x00, 0x58, 0xD8, 0x00, 0x00, 0xD4, 0x5C, 0x00, 0x00, 0x00, 0x58, 0xD8, 0x00, 0x00, 0xD4, 0x5C,
    0x00, 0x00, 0x00, 0x58, 0xD8, 0x00, 0x00, 0xD4, 0x5C, 0x00, 0x00, 0x00, 0x58, 0xD8, 0x00, 0x00,
    0xD4, 0xFF, 0xFF, 0xFF, 0xFF, 0xFF, 0xFF, 0xD8, 0x00, 0x00, 0x00, 0x00, 0x00, 0x00, 0x00, 0x28,
    0xD8, 0x00, 0x00, 0x00, 0x00, 0x00, 0x00, 0x00, 0x28, 0xD8, 0x00, 0xF8, 0x34, 0x00, 0x00, 0x24,
    0xFF, 0x0C, 0x00, 0xF8, 0x34, 0x00, 0x00, 0x24, 0xFF, 0x0C, 0x00, 0xF0, 0x3C, 0x00, 0x00, 0x24,
    0xFF, 0x0C, 0x00, 0xC1, 0x9B, 0x09, 0x00, 0x24, 0xFF, 0x0C, 0x00, 0x2E, 0xCD, 0xFC, 0xFF, 0xFF,
    0xFF, 0x0C, 0x00, 0x00, 0x00, 0x00, 0x00, 0x24, 0xFF, 0x0C, 0x00, 0x00, 0x00, 0x00, 0x00, 0x24,
    0xFF, 0x0C, 0x00, 0x00, 0x00, 0x00, 0x00, 0x24, 0xFF, 0x0C, 0x00, 0x00, 0x00, 0x00, 0x00, 0x24,
    0xFF, 0x0C, 0x00, 0xD4, 0x5C, 0x00, 0x00, 0x2C, 0xFF, 0x04, 0x00, 0x00, 0x88, 0xA8, 0x00, 0x00,
    0xD4, 0x5C, 0x00, 0x00, 0x2C, 0xFF, 0x04, 0x00, 0x00, 0x88, 0xA8, 0x00, 0x00, 0xD4, 0x5C, 0x00,
    0x00, 0x2C, 0xFF, 0x04, 0x00, 0x00, 0x88, 0xA8, 0x00, 0x00, 0xD4, 0x5C, 0x00, 0x00, 0x2C, 0xFF,
    0x04, 0x00, 0x00, 0x88, 0xA8, 0x00, 0x00, 0xD4, 0x5C, 0x00, 0x00, 0x2C, 0xFF, 0x04, 0x00, 0x00,
    0x88, 0xA8, 0x00, 0x00, 0xD4, 0x5C, 0x00, 0x00, 0x2C, 0xFF, 0x04, 0x00, 0x00, 0x88, 0xA8, 0x00,
    0x00, 0xD4, 0x5C, 0x00, 0x00, 0x2C, 0xFF, 0x04, 0x00, 0x00, 0x88, 0xA8, 0x00, 0x00, 0xD4, 0x5C,
    0x00, 0x00, 0x2C, 0xFF, 0x04, 0x00, 0x00, 0x88, 0xA8, 0x00, 0x00, 0xD4, 0xFF, 0xFF, 0xFF, 0xFF,
    0xFF, 0xFF, 0xFF, 0xFF, 0xFF, 0xA8, 0x00, 0x00, 0xD4, 0x5C, 0x00, 0x00, 0x2C, 0xFF, 0x04, 0x00,
    0x00, 0x88, 0xA8, 0x00, 0x00, 0xD4, 0x5C, 0x00, 0x00, 0x2C, 0xFF, 0x04, 0x00, 0x00, 0x88, 0xA8,
    0x00, 0x00, 0xD4, 0x5C, 0x00, 0x00, 0x2C, 0xFF, 0x04, 0x00, 0x00, 0x88, 0xA8, 0x00, 0x00, 0xD4,
    0x5C, 0x00, 0x00, 0x2C, 0xFF, 0x04, 0x00, 0x00, 0x88, 0xA8, 0x00, 0x00, 0xD4, 0x5C, 0x00, 0x00,
    0x2C, 0xFF, 0x04, 0x00, 0x00, 0x88, 0xA8, 0x00, 0x00, 0xD4, 0x5C, 0x00, 0x00, 0x2C, 0xFF, 0x04,
    0x00, 0x00, 0x88, 0xA8, 0x00, 0x00, 0xD4, 0x5C, 0x00, 0x00, 0x2C, 0xFF, 0x04, 0x00, 0x00, 0x88,
    0xA8, 0x00, 0x00, 0xD4, 0x5C, 0x00, 0x00, 0x2C, 0xFF, 0x04, 0x00, 0x00, 0x88, 0xA8, 0x00, 0x00,
    0xD4, 0xFF, 0xFF, 0xFF, 0xFF, 0xFF, 0xFF, 0xFF, 0xFF, 0xFF, 0xFF, 0xA8, 0x00, 0x00, 0x00, 0x00,
    0x00, 0x00, 0x00, 0x00, 0x00, 0x00, 0x00, 0x58, 0xA8, 0x00, 0x00, 0x00, 0x00, 0x00, 0x00, 0x00,
    0x00, 0x00, 0x00, 0x00, 0x58, 0xA8, 0xA4, 0xFF, 0xFF, 0xFF, 0x20, 0x00, 0x00, 0x00, 0x00, 0x00,
    0x00, 0x00, 0x10, 0xFF, 0x20, 0x00, 0x00, 0x00, 0x00, 0x00, 0x00, 0x00, 0x10, 0xFF, 0x20, 0x00,
    0x00, 0x00, 0x00, 0x00, 0x00, 0x00, 0x10, 0xFF, 0x20, 0x00, 0x00, 0x00, 0x00, 0x00, 0x00, 0x00,
    0x10, 0xFF, 0xFF, 0xFF, 0xF2, 0xC1, 0x36, 0x00, 0x00, 0x00, 0x10, 0xFF, 0x20, 0x00, 0x0F, 0x8D,
    0xE7, 0x01, 0x00, 0x00, 0x10, 0xFF, 0x20, 0x00, 0x00, 0x27, 0xFF, 0x18, 0x00, 0x00, 0x10, 0xFF,
    0x20, 0x00, 0x0F, 0x8D, 0xE8, 0x01, 0x00, 0x00, 0x10, 0xFF, 0xFF, 0xFF, 0xF3, 0xC3, 0x38, 0x00,
    0x00, 0xD4, 0x5C, 0x00, 0x00, 0x00, 0x00, 0x00, 0xC8, 0x68, 0x00, 0x00, 0xD4, 0x5C, 0x00, 0x00,
    0x00, 0x00, 0x00, 0xC8, 0x68, 0x00, 0x00, 0xD4, 0x5C, 0x00, 0x00, 0x00, 0x00, 0x00, 0xC8, 0x68,
    0x00, 0x00, 0xD4, 0x5C, 0x00, 0x00, 0x00, 0x00, 0x00, 0xC8, 0x68, 0x00, 0x00, 0xD4, 0xFF, 0xFF,
    0xF8, 0xD5, 0x5C, 0x00, 0xC8, 0x68, 0x00, 0x00, 0xD4, 0x5C, 0x00, 0x08, 0x56, 0xFC, 0x2B, 0xC8,
    0x68, 0x00, 0x00, 0xD4, 0x5C, 0x00, 0x00, 0x00, 0xE7, 0x58, 0xC8, 0x68, 0x00, 0x00, 0xD4, 0x5C,
    0x00, 0x07, 0x56, 0xFC, 0x2C, 0xC8, 0x68, 0x00, 0x00, 0xD4, 0xFF, 0xFF, 0xF9, 0xD6, 0x5F, 0x00,
    0xC8, 0x68, 0x00, 0x00, 0xD4, 0x5C, 0x00, 0x00, 0x00, 0x00, 0x00, 0x00, 0xD4, 0x5C, 0x00, 0x00,
    0x00, 0x00, 0x00, 0x00, 0xD4, 0x5C, 0x00, 0x00, 0x00, 0x00, 0x00, 0x00, 0xD4, 0x5C, 0x00, 0x00,
    0x00, 0x00, 0x00, 0x00, 0xD4, 0xFF, 0xFF, 0xF8, 0xD5, 0x5C, 0x00, 0x00, 0xD4, 0x5C, 0x00, 0x08,
    0x56, 0xFC, 0x2B, 0x00, 0xD4, 0x5C, 0x00, 0x00, 0x00, 0xE7, 0x58, 0x00, 0xD4, 0x5C, 0x00, 0x07,
    0x56, 0xFC, 0x2C, 0x00, 0xD4, 0xFF, 0xFF, 0xF9, 0xD6, 0x5F, 0x00, 0x08, 0x7B, 0xD6, 0xF8, 0xE0,
    0x8A, 0x0A, 0x00, 0x4F, 0x83, 0x28, 0x0A, 0x30, 0xBD, 0xC2, 0x03, 0x00, 0x00, 0x00, 0x00, 0x00,
    0x0F, 0xEC, 0x57, 0x00, 0x00, 0x00, 0x00, 0x00, 0x00, 0xA8, 0x9B, 0x00, 0x38, 0xFF, 0xFF, 0xFF,
    0xFF, 0xFF, 0xAF, 0x00, 0x00, 0x00, 0x00, 0x00, 0x00, 0xA8, 0x9B, 0x00, 0x00, 0x00, 0x00, 0x00,
    0x0F, 0xEC, 0x57, 0x4F, 0x83, 0x27, 0x0A, 0x30, 0xBD, 0xC2, 0x03, 0x08, 0x7B, 0xD7, 0xF8, 0xE1,
    0x8B, 0x0B, 0x00, 0x00, 0xC4, 0x6C, 0x00, 0x00, 0x17, 0xA1, 0xEC, 0xF8, 0xCE, 0x55, 0x00, 0x00,
    0x00, 0xC4, 0x6C, 0x00, 0x05, 0xD2, 0xB0, 0x27, 0x10, 0x5D, 0xF2, 0x60, 0x00, 0x00, 0xC4, 0x6C,
    0x00, 0x6D, 0xE0, 0x06, 0x00, 0x00, 0x00, 0x6F, 0xE8, 0x04, 0x00, 0xC4, 0x6C, 0x00, 0xB1, 0x90,
    0x00, 0x00, 0x00, 0x00, 0x19, 0xFF, 0x2F, 0x00, 0xC4, 0xFF, 0xFF, 0xFF, 0x78, 0x00, 0x00, 0x00,
    0x00, 0x02, 0xFE, 0x43, 0x00, 0xC4, 0x6C, 0x00, 0xB1, 0x90, 0x00, 0x00, 0x00, 0x00, 0x19, 0xFF,
    0x2F, 0x00, 0xC4, 0x6C, 0x00, 0x6D, 0xE0, 0x05, 0x00, 0x00, 0x00, 0x6F, 0xE8, 0x04, 0x00, 0xC4,
    0x6C, 0x00, 0x05, 0xD2, 0xB0, 0x26, 0x10, 0x5C, 0xF2, 0x60, 0x00, 0x00, 0xC4, 0x6C, 0x00, 0x00,
    0x17, 0xA2, 0xEC, 0xF9, 0xCF, 0x56, 0x00, 0x00, 0x00, 0x16, 0xA8, 0xEB, 0xFF, 0xFF, 0xFF, 0x28,
    0x00, 0xA4, 0xC4, 0x1C, 0x00, 0x04, 0xFF, 0x28, 0x00, 0xD9, 0x72, 0x00, 0x00, 0x04, 0xFF, 0x28,
    0x00, 0xB5, 0xC4, 0x1B, 0x00, 0x04, 0xFF, 0x28, 0x00, 0x21, 0xC3, 0xFF, 0xFF, 0xFF, 0xFF, 0x28,
    0x00, 0x00, 0x1E, 0xF0, 0x24, 0x04, 0xFF, 0x28, 0x00, 0x00, 0xB0, 0x89, 0x00, 0x04, 0xFF, 0x28,
    0x00, 0x4B, 0xE7, 0x0D, 0x00, 0x04, 0xFF, 0x28, 0x08, 0xDD, 0x61, 0x00, 0x00, 0x04, 0xFF, 0x28,
    0x00, 0xCC, 0xFF, 0xF8, 0xC9, 0x32, 0x00, 0x00, 0x00, 0x00, 0x09, 0x69, 0xDB, 0x03, 0x00, 0x00,
    0x00, 0x00, 0x00, 0xDE, 0x27, 0x00, 0x69, 0xDA, 0xF9, 0xFF, 0xFF, 0x40, 0x27, 0xEF, 0x36, 0x08,
    0x00, 0xDF, 0x44, 0x32, 0xEC, 0x26, 0x0C, 0x74, 0xFF, 0x44, 0x00, 0x8C, 0xF0, 0xE6, 0x97, 0xD4,
    0x44, 0x00, 0x00, 0x00, 0x00, 0x00, 0x09, 0x00, 0x00, 0x01, 0x6F, 0xD1, 0xF4, 0xFD, 0x1C, 0x00,
    0x87, 0xDC, 0x4B, 0x18, 0x04, 0x00, 0x16, 0xF3, 0x1F, 0x00, 0x00, 0x00, 0x00, 0x4B, 0xDD, 0xB6,
    0xF2, 0xDB, 0x62, 0x00, 0x55, 0xFF, 0x97, 0x10, 0x3E, 0xF0, 0x3F, 0x4E, 0xF9, 0x0B, 0x00, 0x00,
    0x8E, 0x9C, 0x45, 0xE3, 0x00, 0x00, 0x00, 0x6C, 0xB7, 0x23, 0xF9, 0x0B, 0x00, 0x00, 0x8E, 0x9C,
    0x01, 0xCB, 0x97, 0x10, 0x3E, 0xF0, 0x41, 0x00, 0x22, 0xB9, 0xF2, 0xDC, 0x65, 0x00, 0x00, 0xE8,
    0xFF, 0xFE, 0xE3, 0x66, 0x00, 0x00, 0xE8, 0x2C, 0x02, 0x4F, 0xF8, 0x03, 0x00, 0xE8, 0x2C, 0x02,
    0x50, 0xD2, 0x00, 0x00, 0xE8, 0xFF, 0xFF, 0xFC, 0x7F, 0x00, 0x00, 0xE8, 0x2C, 0x01, 0x28, 0xEB,
    0x3E, 0x00, 0xE8, 0x2C, 0x01, 0x26, 0xEB, 0x42, 0x00, 0xE8, 0xFF, 0xFF, 0xE9, 0x89, 0x01, 0x00,
    0xE8, 0xFF, 0xFF, 0xFF, 0xB8, 0x00, 0xE8, 0x2C, 0x00, 0x00, 0x00, 0x00, 0xE8, 0x2C, 0x00, 0x00,
    0x00, 0x00, 0xE8, 0x2C, 0x00, 0x00, 0x00, 0x00, 0xE8, 0x2C, 0x00, 0x00, 0x00, 0x00, 0xE8, 0x2C,
    0x00, 0x00, 0x00, 0x00, 0xE8, 0x2C, 0x00, 0x00, 0x00, 0x00, 0x00, 0xA0, 0xFF, 0xFF, 0xFF, 0xD0,
    0x00, 0x00, 0x00, 0xA2, 0x73, 0x00, 0x48, 0xD0, 0x00, 0x00, 0x00, 0xAB, 0x6D, 0x00, 0x48, 0xD0,
    0x00, 0x00, 0x00, 0xC4, 0x59, 0x00, 0x48, 0xD0, 0x00, 0x00, 0x05, 0xF2, 0x2B, 0x00, 0x48, 0xD0,
    0x00, 0x00, 0x6E, 0xD3, 0x00, 0x00, 0x48, 0xD0, 0x00, 0x60, 0xFF, 0xFF, 0xFF, 0xFF, 0xFF, 0xFF,
    0xAC, 0x60, 0x7C, 0x00, 0x00, 0x00, 0x00, 0x30, 0xAC, 0x60, 0x7C, 0x00, 0x00, 0x00, 0x00, 0x30,
    0xAC, 0x00, 0x17, 0xAA, 0xED, 0xE1, 0x71, 0x00, 0x01, 0xC6, 0x93, 0x11, 0x28, 0xDA, 0x4B, 0x2F,
    0xEF, 0x03, 0x00, 0x00, 0x6A, 0xA0, 0x4E, 0xFF, 0xFC, 0xFD, 0xFE, 0xFF, 0xBD, 0x31, 0xE5, 0x01,
    0x00, 0x00, 0x00, 0x00, 0x02, 0xC7, 0x8E, 0x16, 0x14, 0x62, 0x6B, 0x00, 0x17, 0xA4, 0xE9, 0xE9,
    0x9C, 0x14, 0x09, 0xC6, 0x70, 0x00, 0x20, 0xF0, 0x00, 0x00, 0x9F, 0x9F, 0x00, 0x00, 0x14, 0xD8,
    0x52, 0x20, 0xF0, 0x00, 0x81, 0xB9, 0x04, 0x00, 0x00, 0x00, 0x25, 0xF2, 0x59, 0xF0, 0x61, 0xE2,
    0x0D, 0x00, 0x00, 0x00, 0x00, 0x67, 0xD2, 0xEE, 0xFC, 0xDF, 0xE3, 0x38, 0x00, 0x00, 0x00, 0x17,
    0xE8, 0x28, 0x5A, 0xFA, 0x2E, 0x52, 0xD1, 0x04, 0x00, 0x00, 0xA8, 0x80, 0x00, 0x20, 0xF0, 0x00,
    0x00, 0xB1, 0x77, 0x00, 0x47, 0xD8, 0x07, 0x00, 0x20, 0xF0, 0x00, 0x00, 0x1D, 0xE9, 0x21, 0x00,
    0x59, 0xDC, 0xF1, 0xAB, 0x0D, 0x00, 0x99, 0x1C, 0x1A, 0xCA, 0x6D, 0x00, 0x00, 0x00, 0x17, 0xC4,
    0x40, 0x00, 0x00, 0xF0, 0xFF, 0xBE, 0x16, 0x00, 0x00, 0x00, 0x12, 0xA7, 0x94, 0x32, 0x6E, 0x10,
    0x19, 0xAF, 0x87, 0x04, 0x85, 0xEC, 0xEB, 0xA4, 0x0E, 0x00, 0xE8, 0x28, 0x00, 0x0C, 0xE7, 0xB4,
    0x00, 0x00, 0xE8, 0x28, 0x00, 0x85, 0xE3, 0xB4, 0x00, 0x00, 0xE8, 0x28, 0x1E, 0xE5, 0x6E, 0xB4,
    0x00, 0x00, 0xE8, 0x28, 0xA7, 0x71, 0x5C, 0xB4, 0x00, 0x00, 0xE8, 0x60, 0xD9, 0x05, 0x5C, 0xB4,
    0x00, 0x00, 0xE8, 0xE5, 0x50, 0x00, 0x5C, 0xB4, 0x00, 0x00, 0xE8, 0xBF, 0x00, 0x00, 0x5C, 0xB4,
    0x00, 0x00, 0x00, 0xC4, 0x24, 0x46, 0xA2, 0x00, 0x00, 0x00, 0x00, 0x54, 0xEC, 0xDE, 0x30, 0x00,
    0x00, 0x00, 0x00, 0x00, 0x00, 0x00, 0x00, 0x00, 0x00, 0x00, 0xE8, 0x28, 0x00, 0x0C, 0xE7, 0xB4,
    0x00, 0x00, 0xE8, 0x28, 0x00, 0x85, 0xE3, 0xB4, 0x00, 0x00, 0xE8, 0x28, 0x1E, 0xE5, 0x6E, 0xB4,
    0x00, 0x00, 0xE8, 0x28, 0xA7, 0x71, 0x5C, 0xB4, 0x00, 0x00, 0xE8, 0x60, 0xD9, 0x05, 0x5C, 0xB4,
    0x00, 0x00, 0xE8, 0xE5, 0x50, 0x00, 0x5C, 0xB4, 0x00, 0x00, 0xE8, 0xBF, 0x00, 0x00, 0x5C, 0xB4,
    0x00, 0x00, 0xE8, 0x28, 0x00, 0x48, 0xE4, 0x26, 0x00, 0xE8, 0x28, 0x3B, 0xE6, 0x31, 0x00, 0x00,
    0xE8, 0x56, 0xEF, 0x46, 0x00, 0x00, 0x00, 0xE8, 0xF2, 0xCB, 0x8A, 0x00, 0x00, 0x00, 0xE8, 0x65,
    0x16, 0xE8, 0x36, 0x00, 0x00, 0xE8, 0x28, 0x00, 0x59, 0xD4, 0x06, 0x00, 0xE8, 0x28, 0x00, 0x00,
    0xB0, 0x83, 0x00, 0x00, 0xC4, 0xFF, 0xFF, 0xFF, 0xAC, 0x00, 0x00, 0x00, 0xC6, 0x4F, 0x00, 0x68,
    0xAC, 0x00, 0x00, 0x00, 0xCD, 0x49, 0x00, 0x68, 0xAC, 0x00, 0x00, 0x00, 0xDF, 0x39, 0x00, 0x68,
    0xAC, 0x00, 0x00, 0x0A, 0xFB, 0x15, 0x00, 0x68, 0xAC, 0x00, 0x0D, 0x91, 0xC7, 0x00, 0x00, 0x68,
    0xAC, 0x00, 0x85, 0xBC, 0x24, 0x00, 0x00, 0x68, 0xAC, 0x00, 0x00, 0xE8, 0xDC, 0x01, 0x00, 0x00,
    0xCB, 0xF8, 0x00, 0x00, 0xE8, 0xDA, 0x42, 0x00, 0x2F, 0xDA, 0xF8, 0x00, 0x00, 0xE8, 0x7C, 0xA6,
    0x00, 0x95, 0x7B, 0xF8, 0x00, 0x00, 0xE8, 0x31, 0xE3, 0x1B, 0xE2, 0x2A, 0xF8, 0x00, 0x00, 0xE8,
    0x2C, 0x92, 0xC7, 0x9D, 0x20, 0xF8, 0x00, 0x00, 0xE8, 0x2C, 0x33, 0xFF, 0x3F, 0x20, 0xF8, 0x00,
    0x00, 0xE8, 0x2C, 0x00, 0x00, 0x00, 0x20, 0xF8, 0x00, 0x00, 0xE8, 0x2C, 0x00, 0x00, 0x54, 0xC0,
    0x00, 0x00, 0xE8, 0x2C, 0x00, 0x00, 0x54, 0xC0, 0x00, 0x00, 0xE8, 0x2C, 0x00, 0x00, 0x54, 0xC0,
    0x00, 0x00, 0xE8, 0xFF, 0xFF, 0xFF, 0xFF, 0xC0, 0x00, 0x00, 0xE8, 0x2C, 0x00, 0x00, 0x54, 0xC0,
    0x00, 0x00, 0xE8, 0x2C, 0x00, 0x00, 0x54, 0xC0, 0x00, 0x00, 0xE8, 0x2C, 0x00, 0x00, 0x54, 0xC0,
    0x00, 0x00, 0x24, 0xBB, 0xF2, 0xD7, 0x56, 0x00, 0x03, 0xD6, 0x8A, 0x0F, 0x48, 0xF4, 0x31, 0x35,
    0xEF, 0x05, 0x00, 0x00, 0x9E, 0x8C, 0x4F, 0xD3, 0x00, 0x00, 0x00, 0x7C, 0xA7, 0x35, 0xEF, 0x05,
    0x00, 0x00, 0x9E, 0x8C, 0x03, 0xD7, 0x89, 0x0F, 0x47, 0xF5, 0x32, 0x00, 0x26, 0xBD, 0xF3, 0xD8,
    0x59, 0x00, 0x00, 0xE8, 0xFF, 0xFF, 0xFF, 0xFF, 0xC0, 0x00, 0x00, 0xE8, 0x2C, 0x00, 0x00, 0x54,
    0xC0, 0x00, 0x00, 0xE8, 0x2C, 0x00, 0x00, 0x54, 0xC0, 0x00, 0x00, 0xE8, 0x2C, 0x00, 0x00, 0x54,
    0xC0, 0x00, 0x00, 0xE8, 0x2C, 0x00, 0x00, 0x54, 0xC0, 0x00, 0x00, 0xE8, 0x2C, 0x00, 0x00, 0x54,
    0xC0, 0x00, 0x00, 0xE8, 0x2C, 0x00, 0x00, 0x54, 0xC0, 0x00, 0x00, 0xE8, 0x78, 0xD7, 0xEE, 0x99,
    0x06, 0x00, 0x00, 0xE8, 0xCF, 0x21, 0x20, 0xCF, 0x7C, 0x00, 0x00, 0xE8, 0x52, 0x00, 0x00, 0x50,
    0xD5, 0x00, 0x00, 0xE8, 0x33, 0x00, 0x00, 0x30, 0xEF, 0x00, 0x00, 0xE8, 0x52, 0x00, 0x00, 0x50,
    0xD5, 0x00, 0x00, 0xE8, 0xCD, 0x20, 0x1F, 0xCD, 0x7E, 0x00, 0x00, 0xE8, 0x79, 0xD8, 0xEF, 0x9B,
    0x07, 0x00, 0x00, 0xE8, 0x2C, 0x00, 0x00, 0x00, 0x00, 0x00, 0x00, 0xE8, 0x2C, 0x00, 0x00, 0x00,
    0x00, 0x00, 0x00, 0xE8, 0x2C, 0x00, 0x00, 0x00, 0x00, 0x00, 0x00, 0x1A, 0xA9, 0xEB, 0xDC, 0x4C,
    0x00, 0x02, 0xCB, 0x9D, 0x17, 0x22, 0x8F, 0x00, 0x31, 0xF1, 0x07, 0x00, 0x00, 0x00, 0x00, 0x4E,
    0xD4, 0x00, 0x00, 0x00, 0x00, 0x00, 0x31, 0xF1, 0x07, 0x00, 0x00, 0x00, 0x00, 0x01, 0xCB, 0x9D,
    0x17, 0x21, 0x8F, 0x00, 0x00, 0x1B, 0xAD, 0xED, 0xDA, 0x4B, 0x00, 0xA4, 0xFF, 0xFF, 0xFF, 0xFF,
    0xFF, 0xA4, 0x00, 0x00, 0x08, 0xFF, 0x08, 0x00, 0x00, 0x00, 0x00, 0x08, 0xFF, 0x08, 0x00, 0x00,
    0x00, 0x00, 0x08, 0xFF, 0x08, 0x00, 0x00, 0x00, 0x00, 0x08, 0xFF, 0x08, 0x00, 0x00, 0x00, 0x00,
    0x08, 0xFF, 0x08, 0x00, 0x00, 0x00, 0x00, 0x08, 0xFF, 0x08, 0x00, 0x00, 0x74, 0xAF, 0x00, 0x00,
    0x00, 0x95, 0x90, 0x16, 0xF5, 0x14, 0x00, 0x07, 0xED, 0x33, 0x00, 0xB0, 0x6F, 0x00, 0x56, 0xD5,
    0x00, 0x00, 0x4E, 0xCF, 0x00, 0xB6, 0x78, 0x00, 0x00, 0x04, 0xE8, 0x49, 0xFA, 0x1C, 0x00, 0x00,
    0x00, 0x8B, 0xEA, 0xBD, 0x00, 0x00, 0x00, 0x00, 0x29, 0xFF, 0x5F, 0x00, 0x00, 0x00, 0x00, 0x30,
    0xF5, 0x0C, 0x00, 0x00, 0x00, 0x03, 0xA1, 0x9B, 0x00, 0x00, 0x00, 0x0C, 0xFF, 0xD5, 0x1C, 0x00,
    0x00, 0x00, 0x00, 0x00, 0x00, 0x00, 0x68, 0xAC, 0x00, 0x00, 0x00, 0x00, 0x00, 0x00, 0x00, 0x00,
    0x68, 0xAC, 0x00, 0x00, 0x00, 0x00, 0x00, 0x00, 0x00, 0x00, 0x68, 0xAC, 0x00, 0x00, 0x00, 0x00,
    0x00, 0x3B, 0xDC, 0xDE, 0xA1, 0xBF, 0xC3, 0xEB, 0x6F, 0x00, 0x05, 0xE3, 0x61, 0x19, 0xC8, 0xED,
    0x35, 0x31, 0xEE, 0x2D, 0x39, 0xE3, 0x00, 0x00, 0x68, 0xAC, 0x00, 0x00, 0xA0, 0x7C, 0x50, 0xCD,
    0x00, 0x00, 0x68, 0xAC, 0x00, 0x00, 0x8A, 0x94, 0x3A, 0xE3, 0x00, 0x00, 0x68, 0xAC, 0x00, 0x00,
    0xA0, 0x7E, 0x07, 0xE6, 0x5F, 0x19, 0xC8, 0xED, 0x35, 0x2F, 0xEE, 0x31, 0x00, 0x40, 0xDE, 0xDE,
    0xA0, 0xBE, 0xC3, 0xEC, 0x73, 0x00, 0x00, 0x00, 0x00, 0x00, 0x68, 0xAC, 0x00, 0x00, 0x00, 0x00,
    0x00, 0x00, 0x00, 0x00, 0x68, 0xAC, 0x00, 0x00, 0x00, 0x00, 0x00, 0x00, 0x00, 0x00, 0x68, 0xAC,
    0x00, 0x00, 0x00, 0x00, 0x23, 0xEE, 0x32, 0x00, 0x19, 0xEA, 0x40, 0x00, 0x65, 0xD7, 0x0A, 0xB8,
    0x8C, 0x00, 0x00, 0x00, 0xB2, 0xD3, 0xD2, 0x07, 0x00, 0x00, 0x00, 0x4D, 0xFF, 0x65, 0x00, 0x00,
    0x00, 0x0C, 0xDD, 0x9C, 0xE5, 0x12, 0x00, 0x00, 0x9D, 0xAA, 0x00, 0x9A, 0xAA, 0x00, 0x4F, 0xE5,
    0x12, 0x00, 0x0C, 0xDC, 0x5B, 0x00, 0xE8, 0x2C, 0x00, 0x00, 0x54, 0xC0, 0x00, 0x00, 0xE8, 0x2C,
    0x00, 0x00, 0x54, 0xC0, 0x00, 0x00, 0xE8, 0x2C, 0x00, 0x00, 0x54, 0xC0, 0x00, 0x00, 0xE8, 0x2C,
    0x00, 0x00, 0x54, 0xC0, 0x00, 0x00, 0xE8, 0x2C, 0x00, 0x00, 0x54, 0xC0, 0x00, 0x00, 0xE8, 0x2C,
    0x00, 0x00, 0x54, 0xC0, 0x00, 0x00, 0xE8, 0xFF, 0xFF, 0xFF, 0xFF, 0xFF, 0xA0, 0x00, 0x00, 0x00,
    0x00, 0x00, 0x00, 0x40, 0xA0, 0x00, 0x00, 0x00, 0x00, 0x00, 0x00, 0x40, 0xA0, 0x20, 0xF4, 0x00,
    0x00, 0x14, 0xFF, 0x00, 0x1F, 0xF6, 0x00, 0x00, 0x14, 0xFF, 0x00, 0x07, 0xF9, 0x44, 0x00, 0x14,
    0xFF, 0x00, 0x00, 0x68, 0xEC, 0xFF, 0xFF, 0xFF, 0x00, 0x00, 0x00, 0x00, 0x00, 0x14, 0xFF, 0x00,
    0x00, 0x00, 0x00, 0x00, 0x14, 0xFF, 0x00, 0x00, 0x00, 0x00, 0x00, 0x14, 0xFF, 0x00, 0x00, 0xE8,
    0x2C, 0x00, 0x0C, 0xFF, 0x08, 0x00, 0x30, 0xE4, 0x00, 0x00, 0xE8, 0x2C, 0x00, 0x0C, 0xFF, 0x08,
    0x00, 0x30, 0xE4, 0x00, 0x00, 0xE8, 0x2C, 0x00, 0x0C, 0xFF, 0x08, 0x00, 0x30, 0xE4, 0x00, 0x00,
    0xE8, 0x2C, 0x00, 0x0C, 0xFF, 0x08, 0x00, 0x30, 0xE4, 0x00, 0x00, 0xE8, 0x2C, 0x00, 0x0C, 0xFF,
    0x08, 0x00, 0x30, 0xE4, 0x00, 0x00, 0xE8, 0x2C, 0x00, 0x0C, 0xFF, 0x08, 0x00, 0x30, 0xE4, 0x00,
    0x00, 0xE8, 0xFF, 0xFF, 0xFF, 0xFF, 0xFF, 0xFF, 0xFF, 0xE4, 0x00, 0x00, 0xE8, 0x2C, 0x00, 0x0C,
    0xFF, 0x08, 0x00, 0x30, 0xE4, 0x00, 0x00, 0xE8, 0x2C, 0x00, 0x0C, 0xFF, 0x08, 0x00, 0x30, 0xE4,
    0x00, 0x00, 0xE8, 0x2C, 0x00, 0x0C, 0xFF, 0x08, 0x00, 0x30, 0xE4, 0x00, 0x00, 0xE8, 0x2C, 0x00,
    0x0C, 0xFF, 0x08, 0x00, 0x30, 0xE4, 0x00, 0x00, 0xE8, 0x2C, 0x00, 0x0C, 0xFF, 0x08, 0x00, 0x30,
    0xE4, 0x00, 0x00, 0xE8, 0x2C, 0x00, 0x0C, 0xFF, 0x08, 0x00, 0x30, 0xE4, 0x00, 0x00, 0xE8, 0xFF,
    0xFF, 0xFF, 0xFF, 0xFF, 0xFF, 0xFF, 0xFF, 0xC0, 0x00, 0x00, 0x00, 0x00, 0x00, 0x00, 0x00, 0x00,
    0x00, 0x1C, 0xC0, 0x00, 0x00, 0x00, 0x00, 0x00, 0x00, 0x00, 0x00, 0x00, 0x1C, 0xC0, 0xA4, 0xFF,
    0xFF, 0x94, 0x00, 0x00, 0x00, 0x00, 0x00, 0x00, 0x84, 0x94, 0x00, 0x00, 0x00, 0x00, 0x00, 0x00,
    0x84, 0x94, 0x00, 0x00, 0x00, 0x00, 0x00, 0x00, 0x84, 0xFF, 0xFF, 0xF5, 0xC1, 0x26, 0x00, 0x00,
    0x84, 0x94, 0x00, 0x0C, 0xA0, 0xAA, 0x00, 0x00, 0x84, 0x94, 0x00, 0x0B, 0x9E, 0xA9, 0x00, 0x00,
    0x84, 0xFF, 0xFF, 0xF6, 0xC3, 0x26, 0x00, 0xE8, 0x2C, 0x00, 0x00, 0x00, 0x00, 0xAC, 0x68, 0x00,
    0xE8, 0x2C, 0x00, 0x00, 0x00, 0x00, 0xAC, 0x68, 0x00, 0xE8, 0x2C, 0x00, 0x00, 0x00, 0x00, 0xAC,
    0x68, 0x00, 0xE8, 0xFF, 0xFE, 0xE9, 0x89, 0x01, 0xAC, 0x68, 0x00, 0xE8, 0x2C, 0x01, 0x28, 0xEB,
    0x41, 0xAC, 0x68, 0x00, 0xE8, 0x2C, 0x01, 0x26, 0xEB, 0x42, 0xAC, 0x68, 0x00, 0xE8, 0xFF, 0xFF,
    0xEA, 0x8F, 0x01, 0xAC, 0x68, 0x00, 0xE8, 0x2C, 0x00, 0x00, 0x00, 0x00, 0x00, 0xE8, 0x2C, 0x00,
    0x00, 0x00, 0x00, 0x00, 0xE8, 0x2C, 0x00, 0x00, 0x00, 0x00, 0x00, 0xE8, 0xFF, 0xFE, 0xE9, 0x89,
    0x01, 0x00, 0xE8, 0x2C, 0x01, 0x28, 0xEB, 0x41, 0x00, 0xE8, 0x2C, 0x01, 0x26, 0xEB, 0x42, 0x00,
    0xE8, 0xFF, 0xFF, 0xEA, 0x8F, 0x01, 0x0C, 0xA1, 0xF1, 0xD4, 0x5D, 0x00, 0x00, 0x4B, 0x5D, 0x0E,
    0x41, 0xED, 0x4B, 0x00, 0x00, 0x00, 0x00, 0x00, 0x7B, 0xB4, 0x00, 0x00, 0x9C, 0xFF, 0xFF, 0xFF,
    0xD2, 0x00, 0x00, 0x00, 0x00, 0x00, 0x68, 0xB5, 0x00, 0x4B, 0x5C, 0x0D, 0x37, 0xE1, 0x52, 0x00,
    0x0C, 0xA2, 0xF1, 0xD9, 0x68, 0x00, 0x00, 0x00, 0xE0, 0x34, 0x00, 0x41, 0xD0, 0xF3, 0xC6, 0x31,
    0x00, 0x00, 0xE0, 0x34, 0x1A, 0xF1, 0x57, 0x0E, 0x74, 0xE7, 0x0B, 0x00, 0xE0, 0x34, 0x6E, 0xB8,
    0x00, 0x00, 0x00, 0xDC, 0x50, 0x00, 0xE0, 0xFF, 0xFF, 0x97, 0x00, 0x00, 0x00, 0xBC, 0x6B, 0x00,
    0xE0, 0x34, 0x7D, 0xB8, 0x00, 0x00, 0x00, 0xDC, 0x50, 0x00, 0xE0, 0x34, 0x2F, 0xFA, 0x57, 0x0D,
    0x74, 0xE8, 0x0C, 0x00, 0xE0, 0x34, 0x00, 0x58, 0xD7, 0xF4, 0xC7, 0x33, 0x00, 0x00, 0x3E, 0xD1,
    0xF9, 0xFF, 0xFF, 0x34, 0x00, 0xCB, 0x7B, 0x06, 0x00, 0xE4, 0x34, 0x00, 0xD0, 0x7B, 0x06, 0x00,
    0xE4, 0x34, 0x00, 0x3E, 0xD6, 0xFF, 0xFF, 0xFF, 0x34, 0x00, 0x00, 0xAE, 0x71, 0x00, 0xE4, 0x34,
    0x00, 0x55, 0xCA, 0x03, 0x00, 0xE4, 0x34, 0x13, 0xE4, 0x2E, 0x00, 0x00, 0xE4, 0x34, 0x00, 0x1D,
    0xD1, 0x27, 0x00, 0x00, 0x00, 0x00, 0x00, 0x24, 0xC0, 0x10, 0x00, 0x00, 0x00, 0x00, 0x00, 0x00,
    0x00, 0x00, 0x00, 0x00, 0x17, 0xAA, 0xED, 0xE1, 0x71, 0x00, 0x01, 0xC6, 0x93, 0x11, 0x28, 0xDA,
    0x4B, 0x2F, 0xEF, 0x03, 0x00, 0x00, 0x6A, 0xA0, 0x4E, 0xFF, 0xFC, 0xFD, 0xFE, 0xFF, 0xBD, 0x31,
    0xE5, 0x01, 0x00, 0x00, 0x00, 0x00, 0x02, 0xC7, 0x8E, 0x16, 0x14, 0x62, 0x6B, 0x00, 0x17, 0xA4,
    0xE9, 0xE9, 0x9C, 0x14, 0x00, 0x00, 0xDC, 0x54, 0x94, 0x9C, 0x00, 0x00, 0x00, 0x00, 0x00, 0x00,
    0x00, 0x00, 0x00, 0x17, 0xAA, 0xED, 0xE1, 0x71, 0x00, 0x01, 0xC6, 0x93, 0x11, 0x28, 0xDA, 0x4B,
    0x2F, 0xEF, 0x03, 0x00, 0x00, 0x6A, 0xA0, 0x4E, 0xFF, 0xFC, 0xFD, 0xFE, 0xFF, 0xBD, 0x31, 0xE5,
    0x01, 0x00, 0x00, 0x00, 0x00, 0x02, 0xC7, 0x8E, 0x16, 0x14, 0x62, 0x6B, 0x00, 0x17, 0xA4, 0xE9,
    0xE9, 0x9C, 0x14, 0x00, 0xB0, 0x64, 0x00, 0x00, 0x00, 0x00, 0x00, 0x00, 0xB0, 0x64, 0x00, 0x00,
    0x00, 0x00, 0x00, 0x00, 0xB0, 0x64, 0x00, 0x00, 0x00, 0x00, 0x00, 0xB8, 0xFF, 0xFF, 0xFF, 0xFF,
    0x90, 0x00, 0x00, 0x00, 0xB0, 0x64, 0x00, 0x00, 0x00, 0x00, 0x00, 0x00, 0xB0, 0x8B, 0xC3, 0xF2,
    0xB6, 0x13, 0x00, 0x00, 0xB0, 0xEA, 0x39, 0x11, 0xBC, 0x8F, 0x00, 0x00, 0xB0, 0x84, 0x00, 0x00,
    0x5D, 0xC7, 0x00, 0x00, 0xB0, 0x65, 0x00, 0x00, 0x4F, 0xCF, 0x00, 0x00, 0xB0, 0x64, 0x00, 0x00,
    0x70, 0xA7, 0x00, 0x00, 0x00, 0x00, 0x00, 0x02, 0xD2, 0x45, 0x00, 0x00, 0x00, 0x00, 0x0B, 0x9A,
    0xAF, 0x00, 0x00, 0x00, 0x00, 0x00, 0x64, 0x9A, 0x09, 0x00, 0x00, 0x00, 0x00, 0x00, 0x08, 0xC3,
    0x4D, 0x00, 0x00, 0x00, 0x9F, 0x56, 0x00, 0x00, 0x00, 0x00, 0x00, 0x00, 0x00, 0x00, 0xE8, 0xFF,
    0xFF, 0xFF, 0xB8, 0x00, 0xE8, 0x2C, 0x00, 0x00, 0x00, 0x00, 0xE8, 0x2C, 0x00, 0x00, 0x00, 0x00,
    0xE8, 0x2C, 0x00, 0x00, 0x00, 0x00, 0xE8, 0x2C, 0x00, 0x00, 0x00, 0x00, 0xE8, 0x2C, 0x00, 0x00,
    0x00, 0x00, 0xE8, 0x2C, 0x00, 0x00, 0x00, 0x00, 0x18, 0xA8, 0xEB, 0xDB, 0x4B, 0x00, 0x01, 0xC9,
    0x9F, 0x16, 0x22, 0x8F, 0x00, 0x31, 0xF4, 0x09, 0x00, 0x00, 0x00, 0x00, 0x4E, 0xFF, 0xFF, 0xFF,
    0xFF, 0x24, 0x00, 0x31, 0xED, 0x01, 0x00, 0x00, 0x00, 0x00, 0x02, 0xCD, 0x8E, 0x13, 0x21, 0x8F,
    0x00, 0x00, 0x1C, 0xAF, 0xEE, 0xDA, 0x4C, 0x00, 0x00, 0x80, 0xE8, 0xED, 0x98, 0x09, 0x33, 0xE6,
    0x25, 0x0F, 0x65, 0x46, 0x2E, 0xDF, 0x18, 0x00, 0x00, 0x00, 0x00, 0x5E, 0xC1, 0xC5, 0x7C, 0x0A,
    0x00, 0x00, 0x00, 0x0C, 0xAC, 0x87, 0x4E, 0x77, 0x1A, 0x10, 0xAD, 0x91, 0x09, 0x85, 0xE5, 0xF0,
    0xAE, 0x14, 0x00, 0xE0, 0x34, 0x00, 0x00, 0x00, 0x00, 0xE0, 0x34, 0x00, 0xE0, 0x34, 0x00, 0xE0,
    0x34, 0x00, 0xE0, 0x34, 0x00, 0xE0, 0x34, 0x00, 0xE0, 0x34, 0x00, 0xE0, 0x34, 0x10, 0xFF, 0x20,
    0xC8, 0x68, 0x00, 0x00, 0x00, 0x00, 0x00, 0x00, 0x00, 0xE0, 0x34, 0x00, 0x00, 0x00, 0xE0, 0x34,
    0x00, 0x00, 0x00, 0xE0, 0x34, 0x00, 0x00, 0x00, 0xE0, 0x34, 0x00, 0x00, 0x00, 0xE0, 0x34, 0x00,
    0x00, 0x00, 0xE0, 0x34, 0x00, 0x00, 0x00, 0xE0, 0x34, 0x00, 0x00, 0x00, 0xE0, 0x34, 0x00, 0x00,
    0x00, 0x00, 0x00, 0x00, 0xE0, 0x34, 0x00, 0x00, 0xE0, 0x34, 0x00, 0x00, 0xE0, 0x34, 0x00, 0x00,
    0xE0, 0x34, 0x00, 0x00, 0xE0, 0x34, 0x00, 0x00, 0xE0, 0x34, 0x00, 0x00, 0xE0, 0x34, 0x00, 0x00,
    0xE3, 0x2E, 0x00, 0x1F, 0xF6, 0x12, 0x38, 0xF2, 0x80, 0x00, 0x00, 0x00, 0xC4, 0xFF, 0xFF, 0xFF,
    0x80, 0x00, 0x00, 0x00, 0x00, 0x00, 0x00, 0xC6, 0x53, 0x00, 0x94, 0x80, 0x00, 0x00, 0x00, 0x00,
    0x00, 0x00, 0xCD, 0x4D, 0x00, 0x94, 0x80, 0x00, 0x00, 0x00, 0x00, 0x00, 0x00, 0xDF, 0x3D, 0x00,
    0x94, 0xFF, 0xFC, 0xDC, 0x5D, 0x00, 0x00, 0x0A, 0xFB, 0x19, 0x00, 0x94, 0x80, 0x04, 0x51, 0xFB,
    0x0A, 0x0D, 0x91, 0xCB, 0x00, 0x00, 0x94, 0x80, 0x03, 0x4F, 0xFB, 0x0A, 0x85, 0xBD, 0x26, 0x00,
    0x00, 0x94, 0xFF, 0xFC, 0xDE, 0x60, 0x00, 0x00, 0xE8, 0x2C, 0x00, 0x00, 0xA0, 0x74, 0x00, 0x00,
    0x00, 0x00, 0x00, 0xE8, 0x2C, 0x00, 0x00, 0xA0, 0x74, 0x00, 0x00, 0x00, 0x00, 0x00, 0xE8, 0x2C,
    0x00, 0x00, 0xA0, 0x74, 0x00, 0x00, 0x00, 0x00, 0x00, 0xE8, 0xFF, 0xFF, 0xFF, 0xFF, 0xFF, 0xFB,
    0xD9, 0x55, 0x00, 0x00, 0xE8, 0x2C, 0x00, 0x00, 0xA0, 0x74, 0x04, 0x5C, 0xF5, 0x03, 0x00, 0xE8,
    0x2C, 0x00, 0x00, 0xA0, 0x74, 0x04, 0x5A, 0xF6, 0x03, 0x00, 0xE8, 0x2C, 0x00, 0x00, 0xA0, 0xFF,
    0xFC, 0xDB, 0x58, 0x00, 0x00, 0xB0, 0x64, 0x00, 0x00, 0x00, 0x00, 0x00, 0x00, 0xB0, 0x64, 0x00,
    0x00, 0x00, 0x00, 0x00, 0x00, 0xB0, 0x64, 0x00, 0x00, 0x00, 0x00, 0x00, 0xB8, 0xFF, 0xFF, 0xFF,
    0xFF, 0x90, 0x00, 0x00, 0x00, 0xB0, 0x64, 0x00, 0x00, 0x00, 0x00, 0x00, 0x00, 0xB0, 0x8B, 0xC3,
    0xF2, 0xB9, 0x13, 0x00, 0x00, 0xB0, 0xE9, 0x37, 0x10, 0xB9, 0x88, 0x00, 0x00, 0xB0, 0x83, 0x00,
    0x00, 0x57, 0xBC, 0x00, 0x00, 0xB0, 0x65, 0x00, 0x00, 0x48, 0xCB, 0x00, 0x00, 0xB0, 0x64, 0x00,
    0x00, 0x48, 0xCC, 0x00, 0x00, 0x00, 0x00, 0x13, 0xD0, 0x36, 0x00, 0x00, 0x00, 0x04, 0xB4, 0x3D,
    0x00, 0x00, 0x00, 0x00, 0x00, 0x00, 0x00, 0x00, 0x00, 0x00, 0xE8, 0x28, 0x00, 0x48, 0xE4, 0x26,
    0x00, 0xE8, 0x28, 0x3B, 0xE6, 0x31, 0x00, 0x00, 0xE8, 0x56, 0xEF, 0x46, 0x00, 0x00, 0x00, 0xE8,
    0xF2, 0xCB, 0x8A, 0x00, 0x00, 0x00, 0xE8, 0x65, 0x16, 0xE8, 0x36, 0x00, 0x00, 0xE8, 0x28, 0x00,
    0x59, 0xD4, 0x06, 0x00, 0xE8, 0x28, 0x00, 0x00, 0xB0, 0x83, 0x00, 0x1B, 0xD0, 0x2A, 0x00, 0x00,
    0x00, 0x00, 0x00, 0x00, 0x22, 0xC0, 0x12, 0x00, 0x00, 0x00, 0x00, 0x00, 0x00, 0x00, 0x00, 0x00,
    0x00, 0x00, 0x00, 0xE8, 0x28, 0x00, 0x0C, 0xE7, 0xB4, 0x00, 0x00, 0xE8, 0x28, 0x00, 0x85, 0xE3,
    0xB4, 0x00, 0x00, 0xE8, 0x28, 0x1E, 0xE5, 0x6E, 0xB4, 0x00, 0x00, 0xE8, 0x28, 0xA7, 0x71, 0x5C,
    0xB4, 0x00, 0x00, 0xE8, 0x60, 0xD9, 0x05, 0x5C, 0xB4, 0x00, 0x00, 0xE8, 0xE5, 0x50, 0x00, 0x5C,
    0xB4, 0x00, 0x00, 0xE8, 0xBF, 0x00, 0x00, 0x5C, 0xB4, 0x00, 0x00, 0x30, 0xAC, 0x14, 0x9A, 0x46,
    0x00, 0x00, 0x00, 0xA3, 0xF5, 0xB3, 0x04, 0x00, 0x00, 0x00, 0x00, 0x00, 0x00, 0x00, 0x00, 0x74,
    0xAF, 0x00, 0x00, 0x00, 0x95, 0x90, 0x16, 0xF5, 0x14, 0x00, 0x07, 0xED, 0x33, 0x00, 0xB0, 0x6F,
    0x00, 0x56, 0xD5, 0x00, 0x00, 0x4E, 0xCF, 0x00, 0xB6, 0x78, 0x00, 0x00, 0x04, 0xE8, 0x49, 0xFA,
    0x1C, 0x00, 0x00, 0x00, 0x8B, 0xEA, 0xBD, 0x00, 0x00, 0x00, 0x00, 0x29, 0xFF, 0x5F, 0x00, 0x00,
    0x00, 0x00, 0x30, 0xF5, 0x0C, 0x00, 0x00, 0x00, 0x03, 0xA1, 0x9B, 0x00, 0x00, 0x00, 0x0C, 0xFF,
    0xD5, 0x1C, 0x00, 0x00, 0x00, 0x00, 0xE8, 0x2C, 0x00, 0x00, 0x54, 0xC0, 0x00, 0x00, 0xE8, 0x2C,
    0x00, 0x00, 0x54, 0xC0, 0x00, 0x00, 0xE8, 0x2C, 0x00, 0x00, 0x54, 0xC0, 0x00, 0x00, 0xE8, 0x2C,
    0x00, 0x00, 0x54, 0xC0, 0x00, 0x00, 0xE8, 0x2C, 0x00, 0x00, 0x54, 0xC0, 0x00, 0x00, 0xE8, 0x2C,
    0x00, 0x00, 0x54, 0xC0, 0x00, 0x00, 0xE8, 0xFF, 0xFF, 0xFF, 0xFF, 0xC0, 0x00, 0x00, 0x00, 0x00,
    0x80, 0x5C, 0x00, 0x00, 0x00, 0x00, 0x00, 0x00, 0x80, 0x5C, 0x00, 0x00, 0x00, 0x00, 0x00, 0x00,
    0x00, 0x00, 0x60, 0xA0, 0x00, 0x00, 0x00, 0x00, 0x00, 0x60, 0xA0, 0x00, 0xD4, 0xFF, 0xFF, 0xFF,
    0xFF, 0xA0, 0x00, 0xD4, 0x5C, 0x00, 0x00, 0x00, 0x00, 0x00, 0xD4, 0x5C, 0x00, 0x00, 0x00, 0x00,
    0x00, 0xD4, 0x5C, 0x00, 0x00, 0x00, 0x00, 0x00, 0xD4, 0x5C, 0x00, 0x00, 0x00, 0x00, 0x00, 0xD4,
    0x5C, 0x00, 0x00, 0x00, 0x00, 0x00, 0xD4, 0x5C, 0x00, 0x00, 0x00, 0x00, 0x00, 0xD4, 0x5C, 0x00,
    0x00, 0x00, 0x00, 0x00, 0xD4, 0x5C, 0x00, 0x00, 0x00, 0x00, 0x00, 0x00, 0x00, 0x00, 0x24, 0xB8,
    0x00, 0x00, 0x00, 0x00, 0x24, 0xB8, 0x00, 0xE8, 0xFF, 0xFF, 0xFF, 0xB8, 0x00, 0xE8, 0x2C, 0x00,
    0x00, 0x00, 0x00, 0xE8, 0x2C, 0x00, 0x00, 0x00, 0x00, 0xE8, 0x2C, 0x00, 0x00, 0x00, 0x00, 0xE8,
    0x2C, 0x00, 0x00, 0x00, 0x00, 0xE8, 0x2C, 0x00, 0x00, 0x00, 0x00, 0xE8, 0x2C, 0x00, 0x00, 0x00,
};
